A0A068BIT0,53.13170667154597,37.0,Mus musculus
A0A087WRJ2,51.6316066685461,37.0,Mus musculus
A0A0A6YXM5,50.02393127788592,37.0,Mus musculus
A0A0B4J1G0,52.500982547922014,37.0,Mus musculus
A0A0J9YTY0,54.25229450478377,37.0,Mus musculus
A0A0J9YUM4,50.826002475432844,37.0,Mus musculus
A0A0R4J050,54.683135096033475,37.0,Mus musculus
A0A0R4J091,52.72950090592655,37.0,Mus musculus
A0A0R4J0B4,49.93872975473116,37.0,Mus musculus
A0A0R4J0P5,47.66458757078667,37.0,Mus musculus
A0A0R4J0T2,52.95651046239649,37.0,Mus musculus
A0A0R4J1F6,50.16707613251604,37.0,Mus musculus
A0A0R4J1N9,51.85231564986273,37.0,Mus musculus
A0A140LHR3,49.43562445944204,37.0,Mus musculus
A0A140LJA4,51.06284885530863,37.0,Mus musculus
A1ZAW5,43.223327761317435,25.0,Drosophila melanogaster
A2A464,57.83297877134593,37.0,Mus musculus
A2A6H1,64.35866841136017,37.0,Mus musculus
A2ADR8,52.41555880183576,37.0,Mus musculus
A2AES3,49.34689137159585,37.0,Mus musculus
A2AQV2,49.01227425046283,37.0,Mus musculus
A2ATP5,47.56262083329016,37.0,Mus musculus
A2AWN8,44.1491530983224,37.0,Mus musculus
A2BI12,51.848154028057266,37.0,Mus musculus
A4F330,45.61535099450039,20.0,Caenorhabditis elegans
A5JYU3,46.195235595595975,20.0,Caenorhabditis elegans
A7KQE9,41.895136597832824,20.0,Caenorhabditis elegans
A7LPE6,42.697155290156374,20.0,Caenorhabditis elegans
A7WK39,50.87342848624455,20.0,Caenorhabditis elegans
A8JNV4,46.21289724170013,25.0,Drosophila melanogaster
A8MXB7,48.469725836741226,37.0,Homo sapiens
B1AUY7,49.070644998284564,37.0,Mus musculus
B1V8J2,41.1186469899995,20.0,Caenorhabditis elegans
B2D6P3,34.74575699860646,20.0,Caenorhabditis elegans
B2GPT2,44.45623224498968,28.0,Danio rerio
B2KFS7,48.717498670164495,37.0,Mus musculus
B2MZC3,46.96196309496986,20.0,Caenorhabditis elegans
B2RRR9,50.570264931185,37.0,Mus musculus
B2RT97,49.67483700731503,37.0,Mus musculus
B2RUP8,52.03666296504601,37.0,Mus musculus
B6VQ73,42.74630827237554,20.0,Caenorhabditis elegans
B9EJX8,54.37897467920726,37.0,Mus musculus
C0H437,39.51352465335643,37.0,Bacillus subtilis
C0SP85,41.18404348042038,37.0,Bacillus subtilis
C0SPB1,50.34550557980014,37.0,Bacillus subtilis
C2BR91,39.95795436598446,20.0,Caenorhabditis elegans
C4ALD3,40.23925426264071,20.0,Caenorhabditis elegans
D3YTQ9,49.79630636980283,37.0,Mus musculus
D3YWT1,47.78567745817279,37.0,Mus musculus
D3YZC9,54.314958337758554,37.0,Mus musculus
D3Z0F5,52.66706875741788,37.0,Mus musculus
D3Z3F8,48.50119430562072,37.0,Mus musculus
D3Z591,50.329386935237466,37.0,Mus musculus
D3Z5R0,51.32832585912662,37.0,Mus musculus
D3Z687,50.9308307774608,37.0,Mus musculus
D3Z6W7,50.31150727562016,37.0,Mus musculus
D3Z742,54.08159929872103,37.0,Mus musculus
D3Z7E5,48.2893872260928,37.0,Mus musculus
D6RHA2,53.352046911642546,37.0,Mus musculus
D6RIB6,48.89922731816606,37.0,Homo sapiens
E0CXC7,54.76797821792954,37.0,Mus musculus
E0CYK4,46.23632157064573,37.0,Mus musculus
E0CYQ0,59.40991978809279,37.0,Mus musculus
E0CZE0,49.26290574550894,37.0,Mus musculus
E0R7K2,38.519170097928516,20.0,Caenorhabditis elegans
E1B6Q6,40.46928996194483,20.0,Caenorhabditis elegans
E7ENI6,47.16229461902402,37.0,Homo sapiens
E9PUH6,57.76334919224216,37.0,Mus musculus
E9PUM0,51.3123585113966,37.0,Mus musculus
E9PVN6,50.81687585902588,37.0,Mus musculus
E9PY43,52.820680776346556,37.0,Mus musculus
E9Q0I8,54.967082405742914,37.0,Mus musculus
E9Q1G8,53.22475781146156,37.0,Mus musculus
E9Q317,47.499407151908905,37.0,Mus musculus
E9Q4R1,48.77110279719576,37.0,Mus musculus
E9Q6U4,57.85102342652874,37.0,Mus musculus
E9Q6Z3,53.10689372421763,37.0,Mus musculus
E9Q8J8,50.07962036531797,37.0,Mus musculus
E9QMV2,50.25933184933021,37.0,Mus musculus
F4I907,39.98610384071767,22.0,Arabidopsis thaliana
F7B276,51.06936539337318,37.0,Mus musculus
F8W6G1,52.397550491871414,37.0,Homo sapiens
F8WHS8,44.943054024449374,37.0,Mus musculus
F8WHW3,50.99453625799618,37.0,Mus musculus
G3UXL2,56.59329821839077,37.0,Mus musculus
G3UYJ3,52.26145983143937,37.0,Mus musculus
G3UYU4,55.75287649632528,37.0,Mus musculus
G3UZ39,49.30355592145452,37.0,Mus musculus
G5E9D4,48.8502840250063,37.0,Homo sapiens
G5EBJ8,51.97507181501249,20.0,Caenorhabditis elegans
G5ECA0,41.63254763367207,20.0,Caenorhabditis elegans
G5ECF1,41.4246331287306,20.0,Caenorhabditis elegans
G5ECH0,40.196974888802934,20.0,Caenorhabditis elegans
G5ECH7,36.97105229810047,20.0,Caenorhabditis elegans
G5ED31,34.03004858655797,20.0,Caenorhabditis elegans
G5ED43,38.49375895488225,20.0,Caenorhabditis elegans
G5EE34,40.93519260792519,20.0,Caenorhabditis elegans
G5EEV5,38.06862096990382,20.0,Caenorhabditis elegans
G5EFC8,39.49479914954875,20.0,Caenorhabditis elegans
G5EFK4,44.380700504494094,20.0,Caenorhabditis elegans
G5EFQ6,47.26983135507131,20.0,Caenorhabditis elegans
G5EFS4,38.33319723906745,20.0,Caenorhabditis elegans
G5EG47,47.779737342268795,20.0,Caenorhabditis elegans
G5EGD7,41.73333865840494,20.0,Caenorhabditis elegans
G5EGG8,39.917353161078324,20.0,Caenorhabditis elegans
G5EGP8,38.180974324111986,20.0,Caenorhabditis elegans
H0YLW0,56.36481065757683,37.0,Homo sapiens
H2KYP1,38.72561027121323,20.0,Caenorhabditis elegans
H2L297,42.85809117109738,20.0,Caenorhabditis elegans
H7BWZ1,52.85464622288814,37.0,Mus musculus
I3ISH4,52.15334144247358,28.0,Danio rerio
I3L3V0,54.19290345223747,37.0,Homo sapiens
I3L4J6,54.552430407785984,37.0,Homo sapiens
M0QWF6,49.49376781040435,37.0,Mus musculus
M0QYZ4,50.33975811102304,37.0,Homo sapiens
O00270,52.45954194841698,37.0,Homo sapiens
O01367,44.524834322757854,25.0,Drosophila melanogaster
O01460,39.44257377290408,20.0,Caenorhabditis elegans
O01464,39.17689587416561,20.0,Caenorhabditis elegans
O01965,39.53122515953295,20.0,Caenorhabditis elegans
O02042,36.76043399698145,20.0,Caenorhabditis elegans
O02285,38.22025720815303,20.0,Caenorhabditis elegans
O02324,38.40801833023078,20.0,Caenorhabditis elegans
O04147,46.006342068798524,22.0,Arabidopsis thaliana
O04421,47.61359240686894,22.0,Arabidopsis thaliana
O05253,42.57516101345963,37.0,Bacillus subtilis
O06998,44.78659843919407,37.0,Bacillus subtilis
O07533,51.233366485826224,37.0,Bacillus subtilis
O07579,50.8782639817548,37.0,Bacillus subtilis
O07609,44.69819477034122,37.0,Bacillus subtilis
O07610,43.607603808239205,37.0,Bacillus subtilis
O07617,48.77625337015686,37.0,Bacillus subtilis
O08789,50.17060928963405,37.0,Mus musculus
O08807,54.09365067187923,37.0,Mus musculus
O08856,48.69399156622758,37.0,Mus musculus
O13297,49.70051633812824,32.0,Saccharomyces cerevisiae
O16207,40.91320881372315,20.0,Caenorhabditis elegans
O16457,47.543691876986756,20.0,Caenorhabditis elegans
O16481,34.91395374906621,20.0,Caenorhabditis elegans
O16580,47.90411605847727,20.0,Caenorhabditis elegans
O16660,40.06230969636839,20.0,Caenorhabditis elegans
O16689,48.95279592290465,20.0,Caenorhabditis elegans
O17066,39.834061464675116,20.0,Caenorhabditis elegans
O17151,38.76222315201974,20.0,Caenorhabditis elegans
O17155,41.830625712367805,20.0,Caenorhabditis elegans
O17721,39.18082439881069,20.0,Caenorhabditis elegans
O18640,48.257686424191604,25.0,Drosophila melanogaster
O22229,52.923416405032484,22.0,Arabidopsis thaliana
O22467,48.791483713751944,22.0,Arabidopsis thaliana
O23240,55.566249669071965,22.0,Arabidopsis thaliana
O23252,48.73466360747511,22.0,Arabidopsis thaliana
O23255,42.431430143206626,22.0,Arabidopsis thaliana
O23264,45.34082466347358,22.0,Arabidopsis thaliana
O23487,45.906439934481625,22.0,Arabidopsis thaliana
O24457,49.86119597606444,22.0,Arabidopsis thaliana
O31629,48.034643666190206,37.0,Bacillus subtilis
O31635,47.75007345782805,37.0,Bacillus subtilis
O31718,37.77407074410444,37.0,Bacillus subtilis
O31727,43.07324081807467,37.0,Bacillus subtilis
O31743,51.82738387663589,37.0,Bacillus subtilis
O31777,42.13887842290899,37.0,Bacillus subtilis
O31787,51.22425716317025,37.0,Bacillus subtilis
O31790,52.601596511778936,37.0,Bacillus subtilis
O31856,47.895359606563076,37.0,Bacillus subtilis
O31857,52.29371950826457,37.0,Bacillus subtilis
O31914,41.73327231492148,37.0,Bacillus subtilis
O32037,42.57021415727909,37.0,Bacillus subtilis
O32090,42.582218151998305,37.0,Bacillus subtilis
O32148,48.073299216403,37.0,Bacillus subtilis
O32294,42.58671210710257,37.0,Bacillus subtilis
O34303,43.83992849042351,37.0,Bacillus subtilis
O34327,48.10569454158042,37.0,Bacillus subtilis
O34348,52.298498841826984,37.0,Bacillus subtilis
O34468,45.2213375931204,37.0,Bacillus subtilis
O34513,44.05455535465322,37.0,Bacillus subtilis
O34521,45.4820482324744,37.0,Bacillus subtilis
O34534,43.46409897747938,37.0,Bacillus subtilis
O34538,46.18573722745211,37.0,Bacillus subtilis
O34543,49.372057704982645,37.0,Bacillus subtilis
O34569,41.902995285078305,37.0,Bacillus subtilis
O34592,43.83551154863894,37.0,Bacillus subtilis
O34617,43.41630541949686,37.0,Bacillus subtilis
O34666,38.86414955161394,37.0,Bacillus subtilis
O34691,35.77636574166592,37.0,Bacillus subtilis
O34897,56.182688085492465,37.0,Bacillus subtilis
O34948,42.89374656527106,37.0,Bacillus subtilis
O34962,41.30677256154029,37.0,Bacillus subtilis
O35654,50.70468703456048,37.0,Mus musculus
O35704,50.31335699831978,37.0,Mus musculus
O43781,51.00286933679979,37.0,Homo sapiens
O43791,51.35368660685551,37.0,Homo sapiens
O43916,53.55979707519987,37.0,Homo sapiens
O44735,41.01676117462309,20.0,Caenorhabditis elegans
O44992,33.911841499536905,20.0,Caenorhabditis elegans
O45078,41.00695903779472,20.0,Caenorhabditis elegans
O45417,37.61011709613803,20.0,Caenorhabditis elegans
O45458,35.066244133269784,20.0,Caenorhabditis elegans
O45518,35.06578473179526,20.0,Caenorhabditis elegans
O45869,50.38046559313477,20.0,Caenorhabditis elegans
O45933,42.753233265805434,20.0,Caenorhabditis elegans
O45988,51.260811393082484,20.0,Caenorhabditis elegans
O48773,45.078872234568735,22.0,Arabidopsis thaliana
O49603,41.313962784987176,22.0,Arabidopsis thaliana
O49686,46.22767434616598,22.0,Arabidopsis thaliana
O54804,53.85918345068041,37.0,Mus musculus
O54825,50.351832878269065,37.0,Mus musculus
O61443,43.05697159649403,25.0,Drosophila melanogaster
O61833,35.11491388674338,20.0,Caenorhabditis elegans
O61902,45.681237173518355,20.0,Caenorhabditis elegans
O62089,39.809507372267994,20.0,Caenorhabditis elegans
O62427,39.455299947198256,20.0,Caenorhabditis elegans
O65902,47.128343097690696,22.0,Arabidopsis thaliana
O70456,53.237198492188725,37.0,Mus musculus
O76258,38.80524233651514,20.0,Caenorhabditis elegans
O80526,37.91642798128947,22.0,Arabidopsis thaliana
O80925,44.53319038511104,22.0,Arabidopsis thaliana
O82264,47.58807879771334,22.0,Arabidopsis thaliana
O82656,44.00148870737162,22.0,Arabidopsis thaliana
O88425,55.40485126689302,37.0,Mus musculus
O88630,52.29775862865603,37.0,Mus musculus
O95661,58.059853463156,37.0,Homo sapiens
P03007,49.75517803951802,37.0,Escherichia coli
P04911,46.27207311930148,32.0,Saccharomyces cerevisiae
P05213,48.82651301738361,37.0,Mus musculus
P05738,41.83803940306106,32.0,Saccharomyces cerevisiae
P05744,42.1864065531964,32.0,Saccharomyces cerevisiae
P05747,42.39788191407573,32.0,Saccharomyces cerevisiae
P06244,48.553772284212926,32.0,Saccharomyces cerevisiae
P06774,50.90888751393143,32.0,Saccharomyces cerevisiae
P07277,51.60393287348921,32.0,Saccharomyces cerevisiae
P07601,42.68491801382003,37.0,Bacillus subtilis
P07703,48.36244306822855,32.0,Saccharomyces cerevisiae
P08417,50.09211373033599,32.0,Saccharomyces cerevisiae
P09124,45.89496925204167,37.0,Bacillus subtilis
P09938,53.238388407310715,32.0,Saccharomyces cerevisiae
P09956,41.04190782643131,25.0,Drosophila melanogaster
P0A6J3,51.10711448340025,37.0,Escherichia coli
P0A6L4,46.77009970612901,37.0,Escherichia coli
P0A812,47.02022178699887,37.0,Escherichia coli
P0A8R7,48.84343101605506,37.0,Escherichia coli
P0A8Z0,44.57572530884186,37.0,Escherichia coli
P0AAA1,47.45854515520643,37.0,Escherichia coli
P0AB46,55.63494229969287,37.0,Escherichia coli
P0ABB4,47.29024593556116,37.0,Escherichia coli
P0AC02,46.942039093791834,37.0,Escherichia coli
P0AC30,48.23249824273837,37.0,Escherichia coli
P0ADC1,53.83105742889456,37.0,Escherichia coli
P0ADP9,54.57091156126147,37.0,Escherichia coli
P0AE34,50.80598055368466,37.0,Escherichia coli
P0AEJ6,51.170374814615485,37.0,Escherichia coli
P0AFC3,45.19127737430447,37.0,Escherichia coli
P0AFC7,45.20790277076365,37.0,Escherichia coli
P0C671,49.53343233840114,37.0,Homo sapiens
P0CB47,53.9600835717103,37.0,Homo sapiens
P0CI76,44.00083552876605,37.0,Bacillus subtilis
P0CX42,44.25376500458289,32.0,Saccharomyces cerevisiae
P0DJF2,53.17657660511452,37.0,Mus musculus
P10323,48.5180475589952,37.0,Homo sapiens
P11065,44.75349898668025,37.0,Bacillus subtilis
P11168,52.98721549127716,37.0,Homo sapiens
P11353,48.70007436754426,32.0,Saccharomyces cerevisiae
P11983,54.92328320806068,37.0,Mus musculus
P12049,47.725984515630834,37.0,Bacillus subtilis
P12456,50.11078806192709,20.0,Caenorhabditis elegans
P13243,46.74959218138747,37.0,Bacillus subtilis
P13517,50.443181277302415,32.0,Saccharomyces cerevisiae
P13799,41.18811515830144,37.0,Bacillus subtilis
P14120,43.12678624948238,32.0,Saccharomyces cerevisiae
P14199,45.52690052850538,25.0,Drosophila melanogaster
P14682,55.8218918767707,32.0,Saccharomyces cerevisiae
P15723,56.11119536238229,37.0,Escherichia coli
P16618,45.34173200746869,37.0,Bacillus subtilis
P16872,50.554289555802576,37.0,Mus musculus
P17563,50.03179582148796,37.0,Mus musculus
P18155,50.68288444410558,37.0,Mus musculus
P19262,50.036530932157085,32.0,Saccharomyces cerevisiae
P19318,57.33679405194749,37.0,Escherichia coli
P19484,53.86950371253774,37.0,Homo sapiens
P21182,52.396953439305385,32.0,Saccharomyces cerevisiae
P21801,46.76980225786266,32.0,Saccharomyces cerevisiae
P21881,46.74246218217068,37.0,Bacillus subtilis
P21883,57.88571004798114,37.0,Bacillus subtilis
P21914,44.10152544823789,25.0,Drosophila melanogaster
P22289,51.64803263929321,32.0,Saccharomyces cerevisiae
P22634,45.163165686269735,37.0,Escherichia coli
P22696,46.82619858699009,32.0,Saccharomyces cerevisiae
P22768,47.91463208230238,32.0,Saccharomyces cerevisiae
P23644,49.72704552428065,32.0,Saccharomyces cerevisiae
P23724,49.2013218129032,32.0,Saccharomyces cerevisiae
P23847,64.53738380757362,37.0,Escherichia coli
P24012,37.037368329628336,37.0,Bacillus subtilis
P24100,40.808050272025746,22.0,Arabidopsis thaliana
P24138,39.796617492704314,37.0,Bacillus subtilis
P24219,43.35984411097282,37.0,Bacillus subtilis
P24636,38.70504840521864,22.0,Arabidopsis thaliana
P25151,47.37073536801818,37.0,Bacillus subtilis
P25382,55.014952498815504,32.0,Saccharomyces cerevisiae
P25385,54.55774439198237,32.0,Saccharomyces cerevisiae
P25451,50.21202268116254,32.0,Saccharomyces cerevisiae
P25637,48.29766401604333,32.0,Saccharomyces cerevisiae
P27434,59.305283576988145,37.0,Escherichia coli
P27466,50.183832776051425,32.0,Saccharomyces cerevisiae
P27837,42.86243228972713,37.0,Escherichia coli
P27999,51.9452093964755,32.0,Saccharomyces cerevisiae
P28612,46.36957375314692,37.0,Bacillus subtilis
P28817,47.14766747197134,32.0,Saccharomyces cerevisiae
P28834,52.39893631014212,32.0,Saccharomyces cerevisiae
P29377,51.34029561361001,37.0,Homo sapiens
P29402,46.897767874521584,22.0,Arabidopsis thaliana
P29413,42.70818305966903,25.0,Drosophila melanogaster
P30681,53.933761042021416,37.0,Mus musculus
P31644,51.9294831654793,37.0,Homo sapiens
P32160,54.73518947059665,37.0,Escherichia coli
P32234,36.07992088954036,25.0,Drosophila melanogaster
P32314,56.26172393298525,37.0,Homo sapiens
P32342,43.875484283916315,32.0,Saccharomyces cerevisiae
P32379,51.14974031930602,32.0,Saccharomyces cerevisiae
P32381,49.58525316499332,32.0,Saccharomyces cerevisiae
P32397,42.18706276208677,37.0,Bacillus subtilis
P32457,49.72430976009402,32.0,Saccharomyces cerevisiae
P32459,50.06559077380884,32.0,Saccharomyces cerevisiae
P32463,50.25949379541197,32.0,Saccharomyces cerevisiae
P32481,50.59117421788953,32.0,Saccharomyces cerevisiae
P32611,42.39355694185842,32.0,Saccharomyces cerevisiae
P32614,53.457692136572796,32.0,Saccharomyces cerevisiae
P32669,60.48514267596386,37.0,Escherichia coli
P32861,49.749856724686865,32.0,Saccharomyces cerevisiae
P32961,50.62330093399434,22.0,Arabidopsis thaliana
P33297,49.47069188694647,32.0,Saccharomyces cerevisiae
P33368,51.30747901978788,37.0,Escherichia coli
P33401,52.84309423261219,32.0,Saccharomyces cerevisiae
P33442,41.79826074819678,32.0,Saccharomyces cerevisiae
P34370,40.906569578621394,20.0,Caenorhabditis elegans
P34384,36.763786283301734,20.0,Caenorhabditis elegans
P34580,39.021517379301706,20.0,Caenorhabditis elegans
P34604,36.595819615501036,20.0,Caenorhabditis elegans
P34650,41.90196156509272,20.0,Caenorhabditis elegans
P35202,52.90236369387937,32.0,Saccharomyces cerevisiae
P36036,45.88942604522619,32.0,Saccharomyces cerevisiae
P36105,41.69440777565379,32.0,Saccharomyces cerevisiae
P36139,45.036854663277914,32.0,Saccharomyces cerevisiae
P36151,46.91408351803923,32.0,Saccharomyces cerevisiae
P36531,50.13445844416127,32.0,Saccharomyces cerevisiae
P37195,44.12838668170222,37.0,Escherichia coli
P37340,42.72576301898451,37.0,Escherichia coli
P37468,43.322859811575654,37.0,Bacillus subtilis
P37575,44.866086786228955,37.0,Bacillus subtilis
P37595,68.98769074783974,37.0,Escherichia coli
P37642,53.02908602535647,37.0,Escherichia coli
P37808,44.226658590696786,37.0,Bacillus subtilis
P38011,54.48931129920552,32.0,Saccharomyces cerevisiae
P38115,52.311313715166044,32.0,Saccharomyces cerevisiae
P38145,46.17057279741112,32.0,Saccharomyces cerevisiae
P38284,53.92563540633308,32.0,Saccharomyces cerevisiae
P38302,51.12961086096346,32.0,Saccharomyces cerevisiae
P38354,45.96140975249184,32.0,Saccharomyces cerevisiae
P38430,48.063871922205124,32.0,Saccharomyces cerevisiae
P38491,43.065832216206516,37.0,Bacillus subtilis
P38624,51.06386388775484,32.0,Saccharomyces cerevisiae
P38736,46.01585658785187,32.0,Saccharomyces cerevisiae
P38773,52.658544330311216,32.0,Saccharomyces cerevisiae
P38774,49.41014825638136,32.0,Saccharomyces cerevisiae
P38836,52.03547389179987,32.0,Saccharomyces cerevisiae
P38881,46.48678638023341,32.0,Saccharomyces cerevisiae
P39067,40.20639794893354,37.0,Bacillus subtilis
P39132,46.77808290592821,37.0,Bacillus subtilis
P39155,42.98060464660807,37.0,Bacillus subtilis
P39574,41.69237874494236,37.0,Bacillus subtilis
P39587,45.01228612973221,37.0,Bacillus subtilis
P39644,46.845273538379494,37.0,Bacillus subtilis
P39646,50.800760179563625,37.0,Bacillus subtilis
P39751,41.219640310001125,37.0,Bacillus subtilis
P39779,43.03205277438317,37.0,Bacillus subtilis
P39805,43.87586008855025,37.0,Bacillus subtilis
P40046,41.84182588759457,32.0,Saccharomyces cerevisiae
P40051,47.53462788972404,32.0,Saccharomyces cerevisiae
P40054,48.520550846060516,32.0,Saccharomyces cerevisiae
P40217,50.30366773134907,32.0,Saccharomyces cerevisiae
P40320,43.423071607875,25.0,Drosophila melanogaster
P40344,49.74965882063805,32.0,Saccharomyces cerevisiae
P40363,51.44554144829105,32.0,Saccharomyces cerevisiae
P40579,51.48009548556317,32.0,Saccharomyces cerevisiae
P40580,49.14090306096543,32.0,Saccharomyces cerevisiae
P40746,52.46461206195299,37.0,Bacillus subtilis
P40792,41.1025409340939,25.0,Drosophila melanogaster
P41277,50.70656125852983,32.0,Saccharomyces cerevisiae
P41374,42.72459759607398,25.0,Drosophila melanogaster
P41376,39.812446644531775,22.0,Arabidopsis thaliana
P41807,50.17690039407437,32.0,Saccharomyces cerevisiae
P42239,48.40431080467409,37.0,Bacillus subtilis
P42867,47.632696857170416,37.0,Mus musculus
P42920,37.081118208234265,37.0,Bacillus subtilis
P42924,41.08491030312557,37.0,Bacillus subtilis
P42957,40.30692048082464,37.0,Bacillus subtilis
P42958,42.11503451808165,37.0,Bacillus subtilis
P43287,44.7230360615004,22.0,Arabidopsis thaliana
P43351,50.346336990958285,37.0,Homo sapiens
P43586,43.47853896384469,32.0,Saccharomyces cerevisiae
P45552,55.92214994514026,37.0,Escherichia coli
P45594,47.379306925506526,25.0,Drosophila melanogaster
P45978,50.72682349051682,32.0,Saccharomyces cerevisiae
P46561,40.33082792710982,20.0,Caenorhabditis elegans
P46563,44.73367237071765,20.0,Caenorhabditis elegans
P46784,43.0874165759692,32.0,Saccharomyces cerevisiae
P46912,46.06541436909502,37.0,Bacillus subtilis
P46913,49.64710775952502,37.0,Bacillus subtilis
P46990,42.23971346133992,32.0,Saccharomyces cerevisiae
P47980,45.21817133860626,25.0,Drosophila melanogaster
P48375,44.39973457268919,25.0,Drosophila melanogaster
P48484,47.20203588720722,22.0,Arabidopsis thaliana
P48510,55.9461076333217,32.0,Saccharomyces cerevisiae
P48641,51.17233980027261,22.0,Arabidopsis thaliana
P48810,41.9890648843061,25.0,Drosophila melanogaster
P49071,38.65653008420728,25.0,Drosophila melanogaster
P49404,35.55599883591742,20.0,Caenorhabditis elegans
P49594,37.07950065339205,20.0,Caenorhabditis elegans
P49599,38.93729592481849,22.0,Arabidopsis thaliana
P49787,42.926594553217605,37.0,Bacillus subtilis
P49814,49.430890974330524,37.0,Bacillus subtilis
P50094,47.32898854140359,32.0,Saccharomyces cerevisiae
P50109,42.243197557021354,32.0,Saccharomyces cerevisiae
P50305,43.24012078321712,20.0,Caenorhabditis elegans
P50391,55.09113742881136,37.0,Homo sapiens
P50543,54.00174864837806,37.0,Mus musculus
P51572,49.33922968485358,37.0,Homo sapiens
P51833,44.63563647710446,37.0,Bacillus subtilis
P52014,43.19051824437992,20.0,Caenorhabditis elegans
P52057,44.55623426960601,20.0,Caenorhabditis elegans
P52478,38.812547951554855,20.0,Caenorhabditis elegans
P52875,46.41899296040278,37.0,Mus musculus
P53013,36.02299500142031,20.0,Caenorhabditis elegans
P53191,54.611264949167825,32.0,Saccharomyces cerevisiae
P53251,51.045153661574545,32.0,Saccharomyces cerevisiae
P53299,59.25288614683675,32.0,Saccharomyces cerevisiae
P53315,50.818812812715144,32.0,Saccharomyces cerevisiae
P53489,38.17541217943443,20.0,Caenorhabditis elegans
P53589,39.62343337111886,20.0,Caenorhabditis elegans
P53596,35.92962834473243,20.0,Caenorhabditis elegans
P53600,48.044995341815046,32.0,Saccharomyces cerevisiae
P53616,53.29896205873971,32.0,Saccharomyces cerevisiae
P53725,56.57590721344297,32.0,Saccharomyces cerevisiae
P53830,51.87952072540946,32.0,Saccharomyces cerevisiae
P53834,51.74041236903798,32.0,Saccharomyces cerevisiae
P53879,49.924118629306236,32.0,Saccharomyces cerevisiae
P54155,40.77477332456857,37.0,Bacillus subtilis
P54216,42.95912097111,20.0,Caenorhabditis elegans
P54419,44.098855862830106,37.0,Bacillus subtilis
P54475,44.432863095469024,37.0,Bacillus subtilis
P54527,44.84688588112884,37.0,Bacillus subtilis
P54575,43.252525905762944,37.0,Bacillus subtilis
P54942,43.11974670952314,37.0,Bacillus subtilis
P56705,50.46106879798021,37.0,Homo sapiens
P56761,32.93281051825937,22.0,Arabidopsis thaliana
P56798,39.92080122649254,22.0,Arabidopsis thaliana
P56805,35.45969546146682,22.0,Arabidopsis thaliana
P57073,48.65122126397436,37.0,Homo sapiens
P60010,45.32483124562556,32.0,Saccharomyces cerevisiae
P61517,65.23703293346809,37.0,Escherichia coli
P62090,47.206498345191314,22.0,Arabidopsis thaliana
P62700,50.640635706539825,37.0,Mus musculus
P63005,53.281258824212294,37.0,Mus musculus
P64564,55.1144817657586,37.0,Escherichia coli
P68510,52.69236562106422,37.0,Mus musculus
P69851,50.69484565045596,32.0,Saccharomyces cerevisiae
P70973,49.83005084115247,37.0,Bacillus subtilis
P70995,36.74938312566424,37.0,Bacillus subtilis
P70996,45.367045963240955,37.0,Bacillus subtilis
P75914,42.62747253463101,37.0,Escherichia coli
P76206,64.45373096008898,37.0,Escherichia coli
P76215,44.294408554074714,37.0,Escherichia coli
P76340,45.034056975623734,37.0,Escherichia coli
P76372,60.48219570442069,37.0,Escherichia coli
P77161,54.66810693000177,37.0,Escherichia coli
P77615,50.71512551649695,37.0,Escherichia coli
P77689,45.811079509880436,37.0,Escherichia coli
P77774,50.087878220525035,37.0,Escherichia coli
P80317,55.72322870416872,37.0,Mus musculus
P80700,51.02803155827181,37.0,Bacillus subtilis
P80865,44.46415209568457,37.0,Bacillus subtilis
P80872,44.31987737444853,37.0,Bacillus subtilis
P82986,49.10645594781301,25.0,Drosophila melanogaster
P83484,47.335858640492035,22.0,Arabidopsis thaliana
P91180,41.20343472901255,20.0,Caenorhabditis elegans
P91664,43.594315106725226,25.0,Drosophila melanogaster
P92172,51.61778456431047,20.0,Caenorhabditis elegans
P92963,38.53463926862186,22.0,Arabidopsis thaliana
P94360,42.171668719008814,37.0,Bacillus subtilis
P94464,42.90081109863922,37.0,Bacillus subtilis
P94504,46.53441533850594,37.0,Bacillus subtilis
P94527,44.51215766575169,37.0,Bacillus subtilis
P94558,45.01738367703746,37.0,Bacillus subtilis
P94560,50.5320546485396,37.0,Bacillus subtilis
P96614,43.40950336402529,37.0,Bacillus subtilis
P96619,51.04656840711884,37.0,Bacillus subtilis
P97247,41.81915962743539,37.0,Bacillus subtilis
P97865,50.89921659760292,37.0,Mus musculus
P99029,54.79226168806673,37.0,Mus musculus
Q00056,47.20779611780247,37.0,Homo sapiens
Q01667,38.02364595050336,22.0,Arabidopsis thaliana
Q02427,42.993643880012996,25.0,Drosophila melanogaster
Q02793,44.44514241463877,32.0,Saccharomyces cerevisiae
Q02884,44.81493713251002,32.0,Saccharomyces cerevisiae
Q02971,40.755513291437296,22.0,Arabidopsis thaliana
Q03048,59.14470298851852,32.0,Saccharomyces cerevisiae
Q03761,48.377834574050524,32.0,Saccharomyces cerevisiae
Q03940,48.58469719186254,32.0,Saccharomyces cerevisiae
Q04304,49.90132184473814,32.0,Saccharomyces cerevisiae
Q04307,56.826788953332816,32.0,Saccharomyces cerevisiae
Q04344,51.68139717583742,32.0,Saccharomyces cerevisiae
Q04773,51.878984949914454,32.0,Saccharomyces cerevisiae
Q04869,45.986992279220495,32.0,Saccharomyces cerevisiae
Q05040,49.61547072104819,32.0,Saccharomyces cerevisiae
Q05431,44.53605904175415,22.0,Arabidopsis thaliana
Q05636,51.55178260762804,32.0,Saccharomyces cerevisiae
Q05652,37.611026289043124,25.0,Drosophila melanogaster
Q05778,50.09482831805145,32.0,Saccharomyces cerevisiae
Q05911,52.73195226342664,32.0,Saccharomyces cerevisiae
Q05942,60.512504571736045,32.0,Saccharomyces cerevisiae
Q06287,44.495959429567684,32.0,Saccharomyces cerevisiae
Q06494,49.55928932984096,32.0,Saccharomyces cerevisiae
Q06559,41.36193917090415,25.0,Drosophila melanogaster
Q07231,50.71586519768649,37.0,Mus musculus
Q07478,46.88773892345919,32.0,Saccharomyces cerevisiae
Q07688,51.2910628136588,32.0,Saccharomyces cerevisiae
Q07886,36.504369813808225,25.0,Drosophila melanogaster
Q09235,39.63182728969387,20.0,Caenorhabditis elegans
Q09305,44.991914916507454,20.0,Caenorhabditis elegans
Q09318,39.247645131962145,20.0,Caenorhabditis elegans
Q09464,45.6011436871126,20.0,Caenorhabditis elegans
Q09490,45.563955447433685,20.0,Caenorhabditis elegans
Q09497,46.72613995737573,20.0,Caenorhabditis elegans
Q09526,40.955189112414565,20.0,Caenorhabditis elegans
Q09657,43.88807889469694,20.0,Caenorhabditis elegans
Q10905,46.513609182748155,20.0,Caenorhabditis elegans
Q10950,38.94093971593773,20.0,Caenorhabditis elegans
Q12030,52.61562199123757,32.0,Saccharomyces cerevisiae
Q12068,45.56940873376592,32.0,Saccharomyces cerevisiae
Q12285,53.11689769296633,32.0,Saccharomyces cerevisiae
Q12330,53.07462776490658,32.0,Saccharomyces cerevisiae
Q12449,54.10430083407255,32.0,Saccharomyces cerevisiae
Q12672,41.70613614152085,32.0,Saccharomyces cerevisiae
Q13268,57.9950481238403,37.0,Homo sapiens
Q14BZ3,50.50274635442667,37.0,Mus musculus
Q15327,50.01039748982212,37.0,Homo sapiens
Q17687,38.83507232026574,20.0,Caenorhabditis elegans
Q17749,40.50005281040853,20.0,Caenorhabditis elegans
Q18122,41.22411750329892,20.0,Caenorhabditis elegans
Q18403,38.47589075868307,20.0,Caenorhabditis elegans
Q18503,42.43191330406746,20.0,Caenorhabditis elegans
Q18705,49.00511691694213,20.0,Caenorhabditis elegans
Q18784,35.28810480582078,20.0,Caenorhabditis elegans
Q18793,43.77534673051146,20.0,Caenorhabditis elegans
Q18801,38.496566357911476,20.0,Caenorhabditis elegans
Q18817,49.2138038358134,20.0,Caenorhabditis elegans
Q18888,35.94315247073044,20.0,Caenorhabditis elegans
Q18946,41.84120113999764,20.0,Caenorhabditis elegans
Q18953,52.22867145845498,20.0,Caenorhabditis elegans
Q18966,43.30045298342639,20.0,Caenorhabditis elegans
Q19185,43.0177642719348,20.0,Caenorhabditis elegans
Q19431,46.9811837345655,20.0,Caenorhabditis elegans
Q19436,40.06835936574843,20.0,Caenorhabditis elegans
Q19490,39.783972319128516,20.0,Caenorhabditis elegans
Q19583,37.25542583964682,20.0,Caenorhabditis elegans
Q19864,35.58992861199888,20.0,Caenorhabditis elegans
Q19965,42.102984008901636,20.0,Caenorhabditis elegans
Q1WIQ6,52.58772257273489,22.0,Arabidopsis thaliana
Q1XFZ3,35.858868877613126,20.0,Caenorhabditis elegans
Q20008,46.974734626781554,20.0,Caenorhabditis elegans
Q20340,42.63903943178416,20.0,Caenorhabditis elegans
Q20390,39.159911354592964,20.0,Caenorhabditis elegans
Q21217,46.69794922331022,20.0,Caenorhabditis elegans
Q21243,36.845808096529964,20.0,Caenorhabditis elegans
Q21618,45.56912310950718,20.0,Caenorhabditis elegans
Q21748,38.21567733078861,20.0,Caenorhabditis elegans
Q21832,45.72387998634383,20.0,Caenorhabditis elegans
Q22171,36.421856813192356,20.0,Caenorhabditis elegans
Q22662,45.18095575402459,20.0,Caenorhabditis elegans
Q22794,41.58547397242205,20.0,Caenorhabditis elegans
Q22885,38.50735507174221,20.0,Caenorhabditis elegans
Q23090,41.74408838339717,20.0,Caenorhabditis elegans
Q23164,44.555751232833416,20.0,Caenorhabditis elegans
Q23414,42.63099656916547,20.0,Caenorhabditis elegans
Q23623,42.10664121764284,20.0,Caenorhabditis elegans
Q24208,41.33450677555031,25.0,Drosophila melanogaster
Q27869,41.456310008154375,25.0,Drosophila melanogaster
Q2MB16,55.794711530049035,37.0,Escherichia coli
Q2PJ97,47.872628523625096,20.0,Caenorhabditis elegans
Q2XMY7,40.00045386095731,20.0,Caenorhabditis elegans
Q38858,48.998119056932005,22.0,Arabidopsis thaliana
Q39227,38.75354661012006,22.0,Arabidopsis thaliana
Q39241,49.56775613399002,22.0,Arabidopsis thaliana
Q39247,43.3784811679529,22.0,Arabidopsis thaliana
Q3T9Z2,51.27925404602201,37.0,Mus musculus
Q3TA56,52.113032023519516,37.0,Mus musculus
Q3TEE8,56.78450788306354,37.0,Mus musculus
Q3TIJ7,56.11734085075848,37.0,Mus musculus
Q3TJD7,46.59647542798587,37.0,Mus musculus
Q3TJZ6,46.36252119679347,37.0,Mus musculus
Q3TPU5,52.321933129378166,37.0,Mus musculus
Q3TQ70,52.885200082449366,37.0,Mus musculus
Q3TQR3,51.36358241860204,37.0,Mus musculus
Q3TRJ7,46.07998568311321,37.0,Mus musculus
Q3TTF2,48.76110796593885,37.0,Mus musculus
Q3TWG5,47.82332682568861,37.0,Mus musculus
Q3TX38,49.04275002922999,37.0,Mus musculus
Q3TXX8,50.59111445953056,37.0,Mus musculus
Q3TYD4,49.407595897207585,37.0,Mus musculus
Q3TZH7,50.49045155781808,37.0,Mus musculus
Q3U3N1,52.46094144404726,37.0,Mus musculus
Q3U595,52.830334424516366,37.0,Mus musculus
Q3UAP1,52.180231947850125,37.0,Mus musculus
Q3UBG2,49.433671581747106,37.0,Mus musculus
Q3UBY5,63.07395034521183,37.0,Mus musculus
Q3UGB5,53.06353078428874,37.0,Mus musculus
Q3UIL3,54.21402394016998,37.0,Mus musculus
Q3UJ76,53.44933153145414,37.0,Mus musculus
Q3UJ95,49.88988794376513,37.0,Mus musculus
Q3UJC3,48.76794998582534,37.0,Mus musculus
Q3UQL2,55.37665202004476,37.0,Mus musculus
Q3V384,41.18528892068954,37.0,Mus musculus
Q3V460,53.84553171296463,37.0,Mus musculus
Q3V5J2,49.88955726207377,20.0,Caenorhabditis elegans
Q42112,54.27855671448261,22.0,Arabidopsis thaliana
Q42262,39.728267386419716,22.0,Arabidopsis thaliana
Q42418,41.58721032111145,22.0,Arabidopsis thaliana
Q42527,40.07878133863516,22.0,Arabidopsis thaliana
Q42538,44.76305089847038,22.0,Arabidopsis thaliana
Q42600,39.588616223785884,22.0,Arabidopsis thaliana
Q43315,39.93941660490018,22.0,Arabidopsis thaliana
Q43727,38.37629913891677,22.0,Arabidopsis thaliana
Q45497,45.20900844611254,37.0,Bacillus subtilis
Q45591,44.875134307306965,37.0,Bacillus subtilis
Q45595,42.62079595565041,37.0,Bacillus subtilis
Q497N1,49.05416033742238,37.0,Mus musculus
Q49AH0,57.445089018174166,37.0,Homo sapiens
Q4FCQ7,46.706207443912824,37.0,Mus musculus
Q4FJP7,54.62165683735507,37.0,Mus musculus
Q4FJQ6,50.494985515517854,37.0,Mus musculus
Q4FK49,49.272630481049845,37.0,Mus musculus
Q4FZF3,50.055070741303865,37.0,Mus musculus
Q4FZK2,47.774331461155874,37.0,Mus musculus
Q4V9V3,48.5131533111148,37.0,Mus musculus
Q4VA29,50.73447279106515,37.0,Mus musculus
Q52L50,43.581389542919496,37.0,Mus musculus
Q53RT3,50.768921158124705,37.0,Homo sapiens
Q540D7,47.82251367483303,37.0,Mus musculus
Q541E2,52.64155546884647,37.0,Mus musculus
Q543H0,47.397579943754096,37.0,Mus musculus
Q543N5,51.21642428195521,37.0,Mus musculus
Q544F0,50.86441082618463,37.0,Mus musculus
Q544T4,48.194371270871414,37.0,Mus musculus
Q545A2,52.69025562881778,37.0,Mus musculus
Q561N5,46.9982063633631,37.0,Mus musculus
Q56Y11,42.7794958580811,22.0,Arabidopsis thaliana
Q56YU0,55.10849870132168,22.0,Arabidopsis thaliana
Q58E64,47.57033848588435,37.0,Mus musculus
Q5EBH1,45.06096269814293,37.0,Mus musculus
Q5EBQ6,43.37403932432483,37.0,Mus musculus
Q5F228,46.969623717805476,37.0,Mus musculus
Q5HZ00,44.00597960088938,22.0,Arabidopsis thaliana
Q5HZI6,52.559895881178555,37.0,Mus musculus
Q5JR12,53.652454146765116,37.0,Homo sapiens
Q5JR98,50.833548948131,37.0,Homo sapiens
Q5LJP9,41.07872586054683,25.0,Drosophila melanogaster
Q5M729,51.07502380059053,22.0,Arabidopsis thaliana
Q5M9J2,51.50435219733433,37.0,Mus musculus
Q5M9J8,52.61617094141333,37.0,Mus musculus
Q5SS40,55.50345183264868,37.0,Mus musculus
Q5SSK3,45.06465297534472,37.0,Mus musculus
Q5SUD5,52.90863563116856,37.0,Mus musculus
Q5SUH5,56.21363898298892,37.0,Mus musculus
Q5SWZ0,55.26879802816627,37.0,Mus musculus
Q5TEC3,54.604433816782226,37.0,Homo sapiens
Q5TID7,50.90513065794688,37.0,Homo sapiens
Q5U3M8,47.98877275460754,28.0,Danio rerio
Q60749,48.07192924926624,37.0,Mus musculus
Q61127,44.40859718277265,37.0,Mus musculus
Q61171,52.2401350067048,37.0,Mus musculus
Q61635,51.604797941404414,37.0,Mus musculus
Q66GI2,42.147723219461156,22.0,Arabidopsis thaliana
Q68KI4,43.50434301137791,22.0,Arabidopsis thaliana
Q6DFW4,55.004089266224604,37.0,Mus musculus
Q6DI36,48.73987794784894,28.0,Danio rerio
Q6KYY0,67.61237903012801,60.0,Picrophilus torridus
Q6KYY1,68.72705719558526,60.0,Picrophilus torridus
Q6KYZ2,76.55545461696389,60.0,Picrophilus torridus
Q6KZ33,77.15416682811535,60.0,Picrophilus torridus
Q6KZ63,68.69417958969775,60.0,Picrophilus torridus
Q6KZ70,74.77566715521375,60.0,Picrophilus torridus
Q6KZ96,79.21940507997238,60.0,Picrophilus torridus
Q6KZ98,73.97524327846347,60.0,Picrophilus torridus
Q6KZA2,70.06579102323909,60.0,Picrophilus torridus
Q6KZA3,68.43760194856837,60.0,Picrophilus torridus
Q6KZC4,65.99401705368682,60.0,Picrophilus torridus
Q6KZC6,74.56881963063312,60.0,Picrophilus torridus
Q6KZJ2,77.27247746219606,60.0,Picrophilus torridus
Q6KZJ4,76.36255336431611,60.0,Picrophilus torridus
Q6KZK2,68.84237726195236,60.0,Picrophilus torridus
Q6KZP7,63.78941593100965,60.0,Picrophilus torridus
Q6KZQ2,82.14901482525289,60.0,Picrophilus torridus
Q6KZQ7,69.01357012364461,60.0,Picrophilus torridus
Q6KZX6,74.19305961332125,60.0,Picrophilus torridus
Q6KZZ8,77.38094711455798,60.0,Picrophilus torridus
Q6L006,67.76881045377272,60.0,Picrophilus torridus
Q6L018,71.00886122051756,60.0,Picrophilus torridus
Q6L025,82.21281648254637,60.0,Picrophilus torridus
Q6L050,67.03402512074182,60.0,Picrophilus torridus
Q6L069,68.46668289870519,60.0,Picrophilus torridus
Q6L071,70.98485537000002,60.0,Picrophilus torridus
Q6L0F0,67.36958435827044,60.0,Picrophilus torridus
Q6L0F3,75.6249666265488,60.0,Picrophilus torridus
Q6L0F9,78.00811932054756,60.0,Picrophilus torridus
Q6L0I4,71.18805788725965,60.0,Picrophilus torridus
Q6L0L0,67.47841365907759,60.0,Picrophilus torridus
Q6L0Q6,66.61477350528806,60.0,Picrophilus torridus
Q6L0Q7,65.01994362588185,60.0,Picrophilus torridus
Q6L0Q9,74.40343921703987,60.0,Picrophilus torridus
Q6L0S2,72.2596479384732,60.0,Picrophilus torridus
Q6L0T6,67.08755730344116,60.0,Picrophilus torridus
Q6L0V1,74.45514165167071,60.0,Picrophilus torridus
Q6L0V5,66.40079223380732,60.0,Picrophilus torridus
Q6L124,62.832552028273895,60.0,Picrophilus torridus
Q6L128,71.15644696603606,60.0,Picrophilus torridus
Q6L142,72.92774860497124,60.0,Picrophilus torridus
Q6L172,72.25850625635394,60.0,Picrophilus torridus
Q6L191,76.88472646426354,60.0,Picrophilus torridus
Q6L1B7,71.67455085879004,60.0,Picrophilus torridus
Q6L1D2,68.35095853578126,60.0,Picrophilus torridus
Q6L1E0,68.93340971002691,60.0,Picrophilus torridus
Q6L1F0,71.90756421760427,60.0,Picrophilus torridus
Q6L1H8,77.05242963868321,60.0,Picrophilus torridus
Q6L1J3,73.63830909619996,60.0,Picrophilus torridus
Q6L1M8,73.05347636362778,60.0,Picrophilus torridus
Q6L1Q0,68.04063960602198,60.0,Picrophilus torridus
Q6L1Q1,72.16280489440264,60.0,Picrophilus torridus
Q6L1R2,72.30652321003618,60.0,Picrophilus torridus
Q6L1S0,71.3050097863459,60.0,Picrophilus torridus
Q6L1W6,79.24102142232553,60.0,Picrophilus torridus
Q6L1W9,76.04983530294474,60.0,Picrophilus torridus
Q6L1Y6,82.11414763588122,60.0,Picrophilus torridus
Q6L1Z9,79.15354332265183,60.0,Picrophilus torridus
Q6L208,73.81773454638167,60.0,Picrophilus torridus
Q6L209,78.75565884541722,60.0,Picrophilus torridus
Q6L281,77.18149632873487,60.0,Picrophilus torridus
Q6L288,65.9650273603182,60.0,Picrophilus torridus
Q6L295,69.70832992705132,60.0,Picrophilus torridus
Q6L298,68.91360874852329,60.0,Picrophilus torridus
Q6L2D5,75.15230912119922,60.0,Picrophilus torridus
Q6L2E8,70.30877277868575,60.0,Picrophilus torridus
Q6L2F3,78.94746103389473,60.0,Picrophilus torridus
Q6L2G9,75.24389947241315,60.0,Picrophilus torridus
Q6L2I7,66.22506005332687,60.0,Picrophilus torridus
Q6L2J1,74.21245177642653,60.0,Picrophilus torridus
Q6L2J9,71.85476444571886,60.0,Picrophilus torridus
Q6L2K3,68.96151075089274,60.0,Picrophilus torridus
Q6L2L0,71.76862186339278,60.0,Picrophilus torridus
Q6L2M8,74.12313060497868,60.0,Picrophilus torridus
Q6L2N4,66.95079229472859,60.0,Picrophilus torridus
Q6L2P9,68.09538796890837,60.0,Picrophilus torridus
Q6L2S4,73.06901405134133,60.0,Picrophilus torridus
Q6L2U7,69.82662510054114,60.0,Picrophilus torridus
Q6L2V3,78.37339440921649,60.0,Picrophilus torridus
Q6L2X8,64.94812365891993,60.0,Picrophilus torridus
Q6L2Y1,79.33039374094591,60.0,Picrophilus torridus
Q6L2Z6,74.02430848987596,60.0,Picrophilus torridus
Q6L307,70.60940078616422,60.0,Picrophilus torridus
Q6NQE2,43.9372704131023,22.0,Arabidopsis thaliana
Q6NSR8,50.77147956032508,37.0,Mus musculus
Q6NXH2,49.23278718698245,37.0,Mus musculus
Q6P387,50.7721822442406,37.0,Homo sapiens
Q6P3A8,50.02395957777405,37.0,Mus musculus
Q6PD29,45.33218228784625,37.0,Mus musculus
Q6PFA1,49.406396757924654,37.0,Mus musculus
Q6QD59,49.031062865994166,37.0,Mus musculus
Q6UX01,52.486714392304876,37.0,Homo sapiens
Q6UX15,47.37494144035325,37.0,Homo sapiens
Q6ZQM8,50.53299880906605,37.0,Mus musculus
Q6ZWZ2,50.49883094021622,37.0,Mus musculus
Q70IA8,50.143832207040354,37.0,Homo sapiens
Q72GV7,87.03691443849323,70.0,Thermus thermophilus
Q72GZ0,86.53727969228277,70.0,Thermus thermophilus
Q72HL7,82.91799735723778,70.0,Thermus thermophilus
Q72HT7,75.14316985889589,70.0,Thermus thermophilus
Q72I07,74.81077377931676,70.0,Thermus thermophilus
Q72IM0,81.37445532356443,70.0,Thermus thermophilus
Q72IN7,73.67711232879236,70.0,Thermus thermophilus
Q72IQ1,79.72069535023735,70.0,Thermus thermophilus
Q72IV4,90.06301390706078,70.0,Thermus thermophilus
Q72J76,89.69178476344271,70.0,Thermus thermophilus
Q72JL4,91.90082230907431,70.0,Thermus thermophilus
Q72JP7,80.73152631666872,70.0,Thermus thermophilus
Q72JQ1,77.67567541507042,70.0,Thermus thermophilus
Q72KB2,90.7509649451767,70.0,Thermus thermophilus
Q72KK5,77.3592507757245,70.0,Thermus thermophilus
Q72L68,88.62290347577573,70.0,Thermus thermophilus
Q72LJ6,88.8537704267418,70.0,Thermus thermophilus
Q746C2,87.5688993665227,70.0,Thermus thermophilus
Q76KJ5,49.78894949672839,37.0,Mus musculus
Q78S06,50.104332583646055,37.0,Mus musculus
Q795R8,43.11784799976066,37.0,Bacillus subtilis
Q7JCZ1,59.36574651911486,37.0,Mus musculus
Q7JUR6,41.19189169245915,25.0,Drosophila melanogaster
Q7JUY7,40.50467256829108,25.0,Drosophila melanogaster
Q7JW12,40.06691098546514,25.0,Drosophila melanogaster
Q7JW27,46.51479135318862,25.0,Drosophila melanogaster
Q7JWR9,46.86143218132435,25.0,Drosophila melanogaster
Q7JXF7,48.30477301037819,25.0,Drosophila melanogaster
Q7YTG7,34.69263374994043,20.0,Caenorhabditis elegans
Q7YTJ3,40.60416834465427,20.0,Caenorhabditis elegans
Q80ZW1,47.762053156040054,37.0,Mus musculus
Q812F8,48.65567607042514,37.0,Mus musculus
Q846C9,89.78024382922253,70.0,Thermus thermophilus
Q84W65,45.054560593631315,22.0,Arabidopsis thaliana
Q84W92,41.39729745196974,22.0,Arabidopsis thaliana
Q84XU2,49.437102041976964,22.0,Arabidopsis thaliana
Q86YH2,46.5783120253449,37.0,Homo sapiens
Q8BFW7,49.52321030968556,37.0,Mus musculus
Q8BFZ3,49.875839402123674,37.0,Mus musculus
Q8BGC1,45.236821750649334,37.0,Mus musculus
Q8BH80,52.86461711313258,37.0,Mus musculus
Q8BHA3,51.71913459124087,37.0,Mus musculus
Q8BHG9,50.35392873020387,37.0,Mus musculus
Q8BL95,48.54537188012777,37.0,Mus musculus
Q8BR63,56.213209129367634,37.0,Mus musculus
Q8BRB6,50.59849127129243,37.0,Mus musculus
Q8BVH9,47.39755814273587,37.0,Mus musculus
Q8BVL3,48.83992774824677,37.0,Mus musculus
Q8BVW3,45.48533561026186,37.0,Mus musculus
Q8BWY4,53.51121600828232,37.0,Mus musculus
Q8BWY7,55.1876488588531,37.0,Mus musculus
Q8BXK9,50.477321615801806,37.0,Mus musculus
Q8BYH3,49.070433681716366,37.0,Mus musculus
Q8C1E7,49.59855055472724,37.0,Mus musculus
Q8C4Q6,47.64571411530642,37.0,Mus musculus
Q8C4U8,51.539472243229305,37.0,Mus musculus
Q8C708,51.25909938035241,37.0,Mus musculus
Q8CD15,46.42962541748028,37.0,Mus musculus
Q8CFI2,46.82365658577718,37.0,Mus musculus
Q8CG64,51.16571764886293,37.0,Mus musculus
Q8GYF7,51.5496690129676,22.0,Arabidopsis thaliana
Q8IA74,40.88952675814799,20.0,Caenorhabditis elegans
Q8IG34,34.67446565299338,20.0,Caenorhabditis elegans
Q8IR45,41.13175667896999,25.0,Drosophila melanogaster
Q8IRL8,47.857234857558346,25.0,Drosophila melanogaster
Q8ITX4,45.67400570171752,20.0,Caenorhabditis elegans
Q8JZX4,52.00952783471809,37.0,Mus musculus
Q8K0C9,49.18341789597113,37.0,Mus musculus
Q8K0G5,49.99698591623033,37.0,Mus musculus
Q8K1C0,46.86083511282198,37.0,Mus musculus
Q8K1J5,51.8059621534892,37.0,Mus musculus
Q8K274,53.90449163731649,37.0,Mus musculus
Q8K2Y9,51.50079915610674,37.0,Mus musculus
Q8K339,48.98868525533985,37.0,Mus musculus
Q8K4F6,49.9174771129385,37.0,Mus musculus
Q8LB17,40.21671598043716,22.0,Arabidopsis thaliana
Q8LCT3,47.91742923149203,22.0,Arabidopsis thaliana
Q8LD49,48.25912102417191,22.0,Arabidopsis thaliana
Q8NCK3,52.00787231149327,37.0,Homo sapiens
Q8R107,51.74332822959336,37.0,Mus musculus
Q8R1R3,49.26738243957903,37.0,Mus musculus
Q8R2K3,53.04058763223207,37.0,Mus musculus
Q8R357,52.97411921874901,37.0,Mus musculus
Q8R3R8,47.49369955085893,37.0,Mus musculus
Q8R570,48.34859160625596,37.0,Mus musculus
Q8R5L1,47.24102678050249,37.0,Mus musculus
Q8RXK6,43.0982539918407,22.0,Arabidopsis thaliana
Q8S9J1,48.92185244339397,22.0,Arabidopsis thaliana
Q8SXQ7,41.51754421242565,25.0,Drosophila melanogaster
Q8T3G2,42.57618168795698,20.0,Caenorhabditis elegans
Q8TA86,61.575042563277634,37.0,Homo sapiens
Q8TAU3,49.381514401284434,37.0,Homo sapiens
Q8VCI5,54.431960135919105,37.0,Mus musculus
Q8VD12,48.044717170326116,37.0,Mus musculus
Q8VDB2,54.47512523232535,37.0,Mus musculus
Q8VXZ7,50.1854775047757,22.0,Arabidopsis thaliana
Q8VYG2,45.499727832829116,22.0,Arabidopsis thaliana
Q8VYG9,48.93415895156148,22.0,Arabidopsis thaliana
Q8VYN2,47.354028335391945,22.0,Arabidopsis thaliana
Q8VZ49,45.759873738070425,22.0,Arabidopsis thaliana
Q8W033,46.47790225872782,22.0,Arabidopsis thaliana
Q8W491,39.758301780231356,22.0,Arabidopsis thaliana
Q8W493,58.40199018855381,22.0,Arabidopsis thaliana
Q8W4C8,40.963038622809066,22.0,Arabidopsis thaliana
Q8W4P8,48.11973459676568,22.0,Arabidopsis thaliana
Q8WQ99,45.0866900363986,20.0,Caenorhabditis elegans
Q8WTY4,49.228753198144595,37.0,Mus musculus
Q91WB4,45.690538674069344,37.0,Mus musculus
Q91WU5,50.82969663288031,37.0,Mus musculus
Q91XL3,52.66937884653381,37.0,Mus musculus
Q91ZJ9,53.85417829181216,37.0,Mus musculus
Q920L1,47.33787483504607,37.0,Mus musculus
Q921S7,45.5517054824634,37.0,Mus musculus
Q923B1,51.032809095625744,37.0,Mus musculus
Q923F1,54.56790716142381,37.0,Mus musculus
Q92561,56.406412025518684,37.0,Homo sapiens
Q93341,39.826741872411134,20.0,Caenorhabditis elegans
Q93573,48.87037932661396,20.0,Caenorhabditis elegans
Q93594,37.53044212313162,20.0,Caenorhabditis elegans
Q93697,36.78827329794,20.0,Caenorhabditis elegans
Q93716,39.421431484133706,20.0,Caenorhabditis elegans
Q93832,41.3661165924931,20.0,Caenorhabditis elegans
Q93VV9,54.48190804147052,22.0,Arabidopsis thaliana
Q93W34,45.85319565911963,22.0,Arabidopsis thaliana
Q93XM7,36.32358990598493,22.0,Arabidopsis thaliana
Q93Y40,37.887750701448056,22.0,Arabidopsis thaliana
Q93YZ7,38.41000946626759,22.0,Arabidopsis thaliana
Q94360,46.97438605204272,20.0,Caenorhabditis elegans
Q944A6,39.96548050756762,22.0,Arabidopsis thaliana
Q94518,53.50810373472745,25.0,Drosophila melanogaster
Q94545,41.256638664948326,25.0,Drosophila melanogaster
Q945Q1,46.04294202976102,22.0,Arabidopsis thaliana
Q94B74,47.422421282005914,22.0,Arabidopsis thaliana
Q94BN2,49.71696960403252,22.0,Arabidopsis thaliana
Q94BR4,50.42796675986933,22.0,Arabidopsis thaliana
Q94EG6,50.68481304862213,22.0,Arabidopsis thaliana
Q94K05,42.44572057553415,22.0,Arabidopsis thaliana
Q95005,49.344781265941215,20.0,Caenorhabditis elegans
Q95017,43.53978786738277,20.0,Caenorhabditis elegans
Q95NM6,41.398986483890354,20.0,Caenorhabditis elegans
Q95PW5,38.86034034028511,20.0,Caenorhabditis elegans
Q95QU1,39.89764847167944,20.0,Caenorhabditis elegans
Q95QZ3,38.584322222541324,20.0,Caenorhabditis elegans
Q95RN0,42.312261322309524,25.0,Drosophila melanogaster
Q95T19,44.590395420636824,25.0,Drosophila melanogaster
Q95X44,51.57263534228602,20.0,Caenorhabditis elegans
Q95XX1,46.54319942627009,20.0,Caenorhabditis elegans
Q95Y79,44.64469834671864,20.0,Caenorhabditis elegans
Q960W6,39.8473810609253,25.0,Drosophila melanogaster
Q961C9,43.78090148673974,25.0,Drosophila melanogaster
Q965N4,38.015276933704946,20.0,Caenorhabditis elegans
Q965V9,42.433266155494174,20.0,Caenorhabditis elegans
Q966L4,44.497184819447156,20.0,Caenorhabditis elegans
Q966M5,41.54154638598653,20.0,Caenorhabditis elegans
Q96EH3,53.2823844298209,37.0,Homo sapiens
Q96M98,51.42495870491617,37.0,Homo sapiens
Q96PX6,50.02318900602166,37.0,Homo sapiens
Q96T49,54.72912100456368,37.0,Homo sapiens
Q99210,52.16302636830906,32.0,Saccharomyces cerevisiae
Q99321,47.09251941176063,32.0,Saccharomyces cerevisiae
Q99J23,45.863364800780374,37.0,Mus musculus
Q99J83,47.7012238361074,37.0,Mus musculus
Q99KN2,53.95432031967943,37.0,Mus musculus
Q99KR3,53.157928303647765,37.0,Mus musculus
Q99L85,55.951178657713896,37.0,Mus musculus
Q99M15,47.13937470999505,37.0,Mus musculus
Q99M28,51.92518340530465,37.0,Mus musculus
Q99N11,48.7789542701975,37.0,Mus musculus
Q99N19,53.12880935479245,37.0,Mus musculus
Q99N84,52.13558733225204,37.0,Mus musculus
Q99NF3,48.73483942459402,37.0,Mus musculus
Q99P69,48.79908841955773,37.0,Mus musculus
Q99PT1,53.61262536326664,37.0,Mus musculus
Q9BKR0,40.52833288127574,20.0,Caenorhabditis elegans
Q9BL34,43.659471082288874,20.0,Caenorhabditis elegans
Q9BLB6,37.020950409225755,20.0,Caenorhabditis elegans
Q9BQE6,53.70064106066373,37.0,Homo sapiens
Q9BQP9,57.8670924217669,37.0,Homo sapiens
Q9BT04,49.0228024783238,37.0,Homo sapiens
Q9BXB7,54.377572743428445,37.0,Homo sapiens
Q9C0I9,54.138277114574386,37.0,Homo sapiens
Q9C525,45.80516897375483,22.0,Arabidopsis thaliana
Q9C560,48.102489859816664,22.0,Arabidopsis thaliana
Q9C5M0,34.869506999020125,22.0,Arabidopsis thaliana
Q9C6B3,44.53559830428794,22.0,Arabidopsis thaliana
Q9C7F5,39.98089236378426,22.0,Arabidopsis thaliana
Q9C9C4,47.28810323945433,22.0,Arabidopsis thaliana
Q9C9C9,51.904568228845875,22.0,Arabidopsis thaliana
Q9CB01,38.44266926457265,22.0,Arabidopsis thaliana
Q9CPS7,47.6650712243454,37.0,Mus musculus
Q9CPZ6,53.20834631149023,37.0,Mus musculus
Q9CQA6,52.4307242914476,37.0,Mus musculus
Q9CQB7,43.93830845904905,37.0,Mus musculus
Q9CQM5,51.5605959790318,37.0,Mus musculus
Q9CQS8,55.89154679132963,37.0,Mus musculus
Q9CR57,49.94214505162403,37.0,Mus musculus
Q9CRY7,47.46705460481999,37.0,Mus musculus
Q9CT10,48.49305151204859,37.0,Mus musculus
Q9CWW6,52.73427732626189,37.0,Mus musculus
Q9CXY6,55.833288179700745,37.0,Mus musculus
Q9CY16,49.061525294131634,37.0,Mus musculus
Q9CY73,48.1598588596378,37.0,Mus musculus
Q9D0D4,54.23514776201833,37.0,Mus musculus
Q9D0Q7,46.1975678579728,37.0,Mus musculus
Q9D125,50.13712984225759,37.0,Mus musculus
Q9D162,50.609459152589714,37.0,Mus musculus
Q9D1F9,47.07897443083155,37.0,Mus musculus
Q9D1M4,49.16955068078559,37.0,Mus musculus
Q9D2Y5,48.81570069072586,37.0,Mus musculus
Q9D524,51.000306360294616,37.0,Mus musculus
Q9D6J3,54.32612687872482,37.0,Mus musculus
Q9D7E3,50.02196507727297,37.0,Mus musculus
Q9D7J6,51.10923710949613,37.0,Mus musculus
Q9D8C4,53.70025086444578,37.0,Mus musculus
Q9D8S9,52.87438637863828,37.0,Mus musculus
Q9D938,52.310692627780504,37.0,Mus musculus
Q9DB40,51.54451654030658,37.0,Mus musculus
Q9DBS2,47.93989085693854,37.0,Mus musculus
Q9DCE5,51.632784955413726,37.0,Mus musculus
Q9DCI9,56.35163508559139,37.0,Mus musculus
Q9EP97,46.21356678803076,37.0,Mus musculus
Q9FG01,46.66424798465832,22.0,Arabidopsis thaliana
Q9FH77,45.33126182066874,22.0,Arabidopsis thaliana
Q9FHY8,42.56587095152045,22.0,Arabidopsis thaliana
Q9FIB6,41.9976109136564,22.0,Arabidopsis thaliana
Q9FL12,51.33562781844073,22.0,Arabidopsis thaliana
Q9FMF7,37.15106670637298,22.0,Arabidopsis thaliana
Q9FNN5,50.0871583325435,22.0,Arabidopsis thaliana
Q9FR44,41.67365512538818,22.0,Arabidopsis thaliana
Q9FYA6,50.114037535182774,22.0,Arabidopsis thaliana
Q9FZA2,52.02880406080694,22.0,Arabidopsis thaliana
Q9GR61,42.95709505559288,20.0,Caenorhabditis elegans
Q9GYU1,40.05960557430166,20.0,Caenorhabditis elegans
Q9H093,43.511477422118084,37.0,Homo sapiens
Q9I7I0,42.06298635942277,25.0,Drosophila melanogaster
Q9I7K0,45.73855068303196,25.0,Drosophila melanogaster
Q9JHW2,54.108344406142415,37.0,Mus musculus
Q9JI44,48.0561101089283,37.0,Mus musculus
Q9JI46,53.87503302052723,37.0,Mus musculus
Q9JID9,44.70151513810731,37.0,Mus musculus
Q9JIM1,50.75087461585302,37.0,Mus musculus
Q9JJ94,48.90354192185717,37.0,Mus musculus
Q9LD57,49.41085686287097,22.0,Arabidopsis thaliana
Q9LI77,48.461556549914285,22.0,Arabidopsis thaliana
Q9LIA8,46.01187505763987,22.0,Arabidopsis thaliana
Q9LJG3,40.24405593949297,22.0,Arabidopsis thaliana
Q9LJN8,45.904515269795326,22.0,Arabidopsis thaliana
Q9LLC1,50.8682439620611,22.0,Arabidopsis thaliana
Q9LNE6,42.59480440096079,22.0,Arabidopsis thaliana
Q9LPW0,39.34276166296885,22.0,Arabidopsis thaliana
Q9LRS2,42.16059045788544,22.0,Arabidopsis thaliana
Q9LSE4,43.54853949681218,22.0,Arabidopsis thaliana
Q9LSY5,47.688591448381366,22.0,Arabidopsis thaliana
Q9LSY9,46.60814611144757,22.0,Arabidopsis thaliana
Q9LTR2,49.79711805325091,22.0,Arabidopsis thaliana
Q9LU64,44.32526871772826,22.0,Arabidopsis thaliana
Q9LUG5,41.65405155289337,22.0,Arabidopsis thaliana
Q9LXC9,45.46029863841783,22.0,Arabidopsis thaliana
Q9LZV4,33.89805415574562,22.0,Arabidopsis thaliana
Q9M0Y6,47.29674351610322,22.0,Arabidopsis thaliana
Q9M1J6,50.72248670434044,22.0,Arabidopsis thaliana
Q9M2W2,52.56502367832729,22.0,Arabidopsis thaliana
Q9M401,50.12695229268423,22.0,Arabidopsis thaliana
Q9M5J9,46.78064761894064,22.0,Arabidopsis thaliana
Q9M9F1,53.96700850152599,22.0,Arabidopsis thaliana
Q9M9K1,51.87924216529571,22.0,Arabidopsis thaliana
Q9M9P3,47.07501446334519,22.0,Arabidopsis thaliana
Q9N2U6,42.906652709915456,20.0,Caenorhabditis elegans
Q9N359,38.08922270195791,20.0,Caenorhabditis elegans
Q9N3F1,44.157448312376246,20.0,Caenorhabditis elegans
Q9N3U9,46.64141161576864,20.0,Caenorhabditis elegans
Q9N3Z3,42.333938029078666,20.0,Caenorhabditis elegans
Q9N4I1,43.62492793893605,20.0,Caenorhabditis elegans
Q9N5A2,35.95954446751095,20.0,Caenorhabditis elegans
Q9N5J3,40.698680443692446,20.0,Caenorhabditis elegans
Q9N5M1,38.213295521812675,20.0,Caenorhabditis elegans
Q9NA78,46.54563346018764,20.0,Caenorhabditis elegans
Q9NA98,46.129516739144144,20.0,Caenorhabditis elegans
Q9NHB0,42.30361886277491,25.0,Drosophila melanogaster
Q9PTF3,54.62127052228264,28.0,Danio rerio
Q9QXE7,54.59114610206362,37.0,Mus musculus
Q9QXK2,51.540411066731075,37.0,Mus musculus
Q9QXW9,52.16690942879723,37.0,Mus musculus
Q9QZE7,53.88789410284197,37.0,Mus musculus
Q9R059,53.867329645300636,37.0,Mus musculus
Q9S725,45.24277664570628,22.0,Arabidopsis thaliana
Q9S7A3,43.30375246170745,22.0,Arabidopsis thaliana
Q9S7Z3,42.22791327159756,22.0,Arabidopsis thaliana
Q9S834,44.165840067925004,22.0,Arabidopsis thaliana
Q9SAA2,43.32271641386826,22.0,Arabidopsis thaliana
Q9SAJ4,50.51109913767038,22.0,Arabidopsis thaliana
Q9SE50,51.157226668801925,22.0,Arabidopsis thaliana
Q9SII9,50.88372931741319,22.0,Arabidopsis thaliana
Q9SJU9,44.81253668517697,22.0,Arabidopsis thaliana
Q9SK87,45.595743149494766,22.0,Arabidopsis thaliana
Q9SKK4,44.26131915206611,22.0,Arabidopsis thaliana
Q9SKQ0,45.50725945901123,22.0,Arabidopsis thaliana
Q9SMT7,40.71833480930417,22.0,Arabidopsis thaliana
Q9SN58,50.991016323642924,22.0,Arabidopsis thaliana
Q9SQR4,45.82466853251399,22.0,Arabidopsis thaliana
Q9SR06,40.310627812774705,22.0,Arabidopsis thaliana
Q9SR36,52.87313384490574,22.0,Arabidopsis thaliana
Q9SUC6,51.42308699746288,22.0,Arabidopsis thaliana
Q9SVU5,41.30264613221682,22.0,Arabidopsis thaliana
Q9SW33,41.51770034093337,22.0,Arabidopsis thaliana
Q9SYT0,50.458026374392354,22.0,Arabidopsis thaliana
Q9SZ83,53.33456228832735,22.0,Arabidopsis thaliana
Q9SZE1,53.258538711974865,22.0,Arabidopsis thaliana
Q9SZX9,36.3075060283046,22.0,Arabidopsis thaliana
Q9T029,40.04824062606692,22.0,Arabidopsis thaliana
Q9TXJ0,35.71708543787341,20.0,Caenorhabditis elegans
Q9TXQ8,47.49386854074316,20.0,Caenorhabditis elegans
Q9TXT9,40.49180928927286,20.0,Caenorhabditis elegans
Q9U1M2,40.935679862320406,25.0,Drosophila melanogaster
Q9U3M2,46.04491680414968,20.0,Caenorhabditis elegans
Q9UKT9,53.282947286180644,37.0,Homo sapiens
Q9ULR0,54.13324612086219,37.0,Homo sapiens
Q9V3B6,56.27747260832552,25.0,Drosophila melanogaster
Q9V3T9,37.29578400197452,25.0,Drosophila melanogaster
Q9V431,40.19592512635469,25.0,Drosophila melanogaster
Q9V637,43.47571826802566,25.0,Drosophila melanogaster
Q9V6X7,45.01082199968691,25.0,Drosophila melanogaster
Q9V719,43.651740079430695,25.0,Drosophila melanogaster
Q9V8I2,41.15894433671953,25.0,Drosophila melanogaster
Q9VAU9,39.80564671849223,25.0,Drosophila melanogaster
Q9VCD0,35.2797167956599,25.0,Drosophila melanogaster
Q9VCI0,40.64980958415976,25.0,Drosophila melanogaster
Q9VDV3,47.12845459041981,25.0,Drosophila melanogaster
Q9VE86,36.146873693619185,25.0,Drosophila melanogaster
Q9VG82,37.0734492366649,25.0,Drosophila melanogaster
Q9VGS2,44.23250684579011,25.0,Drosophila melanogaster
Q9VHB3,41.07457557346327,25.0,Drosophila melanogaster
Q9VIP8,42.692032153284735,25.0,Drosophila melanogaster
Q9VJC7,40.79218942584135,25.0,Drosophila melanogaster
Q9VK68,45.58157666570726,25.0,Drosophila melanogaster
Q9VKD3,38.48032663506445,25.0,Drosophila melanogaster
Q9VKN7,41.545857743707266,25.0,Drosophila melanogaster
Q9VKX4,41.12930029045751,25.0,Drosophila melanogaster
Q9VLF6,41.63877205460015,25.0,Drosophila melanogaster
Q9VLP7,43.423853654878705,25.0,Drosophila melanogaster
Q9VMY9,46.71757117713626,25.0,Drosophila melanogaster
Q9VPH2,40.102814402491525,25.0,Drosophila melanogaster
Q9VPH7,44.13948607080472,25.0,Drosophila melanogaster
Q9VPK7,43.55672401079945,25.0,Drosophila melanogaster
Q9VQZ6,39.29374144447517,25.0,Drosophila melanogaster
Q9VRG7,41.46927633861323,25.0,Drosophila melanogaster
Q9VRJ9,39.66875519292716,25.0,Drosophila melanogaster
Q9VSD7,47.944684455215686,25.0,Drosophila melanogaster
Q9VSZ6,44.19375894716699,25.0,Drosophila melanogaster
Q9VTF9,47.18102354250708,25.0,Drosophila melanogaster
Q9VTL1,40.2804871434456,25.0,Drosophila melanogaster
Q9VTY6,44.13068978737219,25.0,Drosophila melanogaster
Q9VU84,45.71304290401289,25.0,Drosophila melanogaster
Q9VU87,37.07355083383252,25.0,Drosophila melanogaster
Q9VWP4,44.26325187202111,25.0,Drosophila melanogaster
Q9VYV3,48.58616746918566,25.0,Drosophila melanogaster
Q9W130,39.41062840604548,25.0,Drosophila melanogaster
Q9W328,42.93799806946807,25.0,Drosophila melanogaster
Q9XF57,51.09491035223979,22.0,Arabidopsis thaliana
Q9XF88,34.87142448869925,22.0,Arabidopsis thaliana
Q9XI36,47.03666815335177,22.0,Arabidopsis thaliana
Q9XI90,40.36514690376312,22.0,Arabidopsis thaliana
Q9XU15,33.7467919490144,20.0,Caenorhabditis elegans
Q9XUV0,48.666493654407034,20.0,Caenorhabditis elegans
Q9XUY4,48.36272672987068,20.0,Caenorhabditis elegans
Q9XVA8,46.94944869651644,20.0,Caenorhabditis elegans
Q9XW93,41.532114183629254,20.0,Caenorhabditis elegans
Q9XWD5,37.26693253821916,20.0,Caenorhabditis elegans
Q9XWP1,44.56923016027569,20.0,Caenorhabditis elegans
Q9XXC8,38.519979838225325,20.0,Caenorhabditis elegans
Q9XXK8,39.455906905552055,20.0,Caenorhabditis elegans
Q9Y140,41.88119910156273,25.0,Drosophila melanogaster
Q9Y2Q5,61.921733942777244,37.0,Homo sapiens
Q9Y5L4,53.1283232596778,37.0,Homo sapiens
Q9Y6K8,49.17707812752509,37.0,Homo sapiens
Q9Z0S9,59.938801477685566,37.0,Mus musculus
Q9Z120,50.924770646076325,37.0,Mus musculus
Q9Z1G3,52.523174882006856,37.0,Mus musculus
Q9Z204,53.217708065138126,37.0,Mus musculus
Q9Z2L6,56.153109366056526,37.0,Mus musculus
Q9ZP06,48.256054485827214,22.0,Arabidopsis thaliana
Q9ZQX4,44.2974184205845,22.0,Arabidopsis thaliana
Q9ZRT5,49.034661064439355,22.0,Arabidopsis thaliana
Q9ZU25,39.77121043177613,22.0,Arabidopsis thaliana
Q9ZU93,48.04727616278549,22.0,Arabidopsis thaliana
Q9ZUC2,48.132472182189495,22.0,Arabidopsis thaliana
Q9ZUP4,42.94085086181925,22.0,Arabidopsis thaliana
Q9ZVJ5,48.11421433890367,22.0,Arabidopsis thaliana
Q9ZVL6,46.007313365719526,22.0,Arabidopsis thaliana
Q9ZW34,51.05148701228371,22.0,Arabidopsis thaliana
R4YJD5,41.02061007675764,3.0,Oleispira antarctica
R4YJE6,39.97844061661814,3.0,Oleispira antarctica
R4YJJ7,36.60124600690327,3.0,Oleispira antarctica
R4YJK0,33.7923528929508,3.0,Oleispira antarctica
R4YJK8,39.53932252867946,3.0,Oleispira antarctica
R4YJS9,41.221259268522175,3.0,Oleispira antarctica
R4YJT0,44.18956102801746,3.0,Oleispira antarctica
R4YJZ6,40.26485410421246,3.0,Oleispira antarctica
R4YK03,49.618184456389905,3.0,Oleispira antarctica
R4YK05,39.895274202471015,3.0,Oleispira antarctica
R4YK11,38.0507168387827,3.0,Oleispira antarctica
R4YK28,43.77833103902301,3.0,Oleispira antarctica
R4YK52,43.903042299115896,3.0,Oleispira antarctica
R4YK85,38.27584747488472,3.0,Oleispira antarctica
R4YKA3,37.56113389588275,3.0,Oleispira antarctica
R4YKB0,41.35903319959795,3.0,Oleispira antarctica
R4YKB1,43.366061852999266,3.0,Oleispira antarctica
R4YKC7,38.02275987078642,3.0,Oleispira antarctica
R4YKK1,39.367444437022236,3.0,Oleispira antarctica
R4YKN0,41.02540917916525,3.0,Oleispira antarctica
R4YLA7,41.46477917754348,3.0,Oleispira antarctica
R4YLC2,36.5280871607498,3.0,Oleispira antarctica
R4YLC5,43.99568229259206,3.0,Oleispira antarctica
R4YLD2,47.459984783014875,3.0,Oleispira antarctica
R4YLF0,44.71300291988959,3.0,Oleispira antarctica
R4YLK5,37.5546574949696,3.0,Oleispira antarctica
R4YLL6,40.51104725505899,3.0,Oleispira antarctica
R4YLP0,45.9377563713894,3.0,Oleispira antarctica
R4YLS1,37.49076355031223,3.0,Oleispira antarctica
R4YLV8,41.11653106331625,3.0,Oleispira antarctica
R4YLX8,39.37156299610837,3.0,Oleispira antarctica
R4YLY3,48.042943052697396,3.0,Oleispira antarctica
R4YM51,45.04082579552403,3.0,Oleispira antarctica
R4YM87,37.091352848219515,3.0,Oleispira antarctica
R4YM90,42.0136786097355,3.0,Oleispira antarctica
R4YM97,38.91145255964444,3.0,Oleispira antarctica
R4YMB5,39.072158611608316,3.0,Oleispira antarctica
R4YMB9,49.40394985737463,3.0,Oleispira antarctica
R4YME1,40.8049807732515,3.0,Oleispira antarctica
R4YMG1,37.45390061432828,3.0,Oleispira antarctica
R4YMH3,42.56444611979227,3.0,Oleispira antarctica
R4YMM7,42.85173887914474,3.0,Oleispira antarctica
R4YMN5,46.81595003166438,3.0,Oleispira antarctica
R4YMN7,35.8260408483997,3.0,Oleispira antarctica
R4YMP0,44.81159400599793,3.0,Oleispira antarctica
R4YMS5,37.926967295467584,3.0,Oleispira antarctica
R4YMS9,42.652101566921665,3.0,Oleispira antarctica
R4YMU5,42.26022712659236,3.0,Oleispira antarctica
R4YN30,40.19825149024809,3.0,Oleispira antarctica
R4YN39,39.74770535623615,3.0,Oleispira antarctica
R4YN47,44.50986580743259,3.0,Oleispira antarctica
R4YNC3,40.13679299307661,3.0,Oleispira antarctica
R4YNK6,37.91626124747196,3.0,Oleispira antarctica
R4YNP2,56.16828733515577,3.0,Oleispira antarctica
R4YP41,42.718587326050205,3.0,Oleispira antarctica
R4YP97,38.58993631236727,3.0,Oleispira antarctica
R4YPA8,41.80501734365542,3.0,Oleispira antarctica
R4YPD5,49.50637043479388,3.0,Oleispira antarctica
R4YPE2,41.1735831273857,3.0,Oleispira antarctica
R4YPK0,42.7458563700299,3.0,Oleispira antarctica
R4YPU6,41.5523193744508,3.0,Oleispira antarctica
R4YQ04,38.99798877595512,3.0,Oleispira antarctica
R4YQ67,39.02885168764949,3.0,Oleispira antarctica
R4YQB1,37.39098777023442,3.0,Oleispira antarctica
R4YQQ5,38.78761720568588,3.0,Oleispira antarctica
R4YQR5,40.73090568162891,3.0,Oleispira antarctica
R4YQY8,41.63623467051493,3.0,Oleispira antarctica
R4YQZ1,38.32387961981607,3.0,Oleispira antarctica
R4YR01,48.286781063156965,3.0,Oleispira antarctica
R4YR10,36.89400553011677,3.0,Oleispira antarctica
R4YR62,39.93252111693594,3.0,Oleispira antarctica
R4YRG6,36.54346109250753,3.0,Oleispira antarctica
R4YRG9,33.50481629225511,3.0,Oleispira antarctica
R4YRS2,38.417891278095986,3.0,Oleispira antarctica
R4YRT1,39.402749589016985,3.0,Oleispira antarctica
R4YS92,37.87402119756031,3.0,Oleispira antarctica
R4YSB7,47.72552934587507,3.0,Oleispira antarctica
R4YSE3,44.46535737680724,3.0,Oleispira antarctica
R4YSG0,36.8662878453134,3.0,Oleispira antarctica
R4YSK3,39.778467446440246,3.0,Oleispira antarctica
R4YSN4,45.006439996267794,3.0,Oleispira antarctica
R4YSP4,38.34976497069641,3.0,Oleispira antarctica
R4YST9,39.56427168471805,3.0,Oleispira antarctica
R4YSY4,37.11346067231987,3.0,Oleispira antarctica
R4YT32,34.67664445992191,3.0,Oleispira antarctica
R4YT82,39.45262999343312,3.0,Oleispira antarctica
R4YT95,37.66316209655107,3.0,Oleispira antarctica
R4YTB2,40.010621295184016,3.0,Oleispira antarctica
R4YTB7,40.40118010197507,3.0,Oleispira antarctica
R4YTH5,40.030331755523854,3.0,Oleispira antarctica
R4YTJ7,49.45052562233298,3.0,Oleispira antarctica
R4YTM7,39.32659065123851,3.0,Oleispira antarctica
R4YTV9,41.034864904569936,3.0,Oleispira antarctica
R4YTY9,36.389397933483366,3.0,Oleispira antarctica
R4YTZ0,37.0758466800911,3.0,Oleispira antarctica
R4YU91,42.76993252883879,3.0,Oleispira antarctica
R4YU92,49.85097763682562,3.0,Oleispira antarctica
R4YUA0,38.75347780228373,3.0,Oleispira antarctica
R4YUD3,34.4081650965191,3.0,Oleispira antarctica
R4YUE9,49.729170418095606,3.0,Oleispira antarctica
R4YUH5,49.73095162635318,3.0,Oleispira antarctica
R4YUK0,39.50606270728381,3.0,Oleispira antarctica
R4YUQ1,40.16916501021328,3.0,Oleispira antarctica
R4YV88,45.497537293886715,3.0,Oleispira antarctica
R4YVE1,37.4078888693369,3.0,Oleispira antarctica
S4R1W1,47.843778785124336,37.0,Mus musculus
S4R287,57.4728496011975,37.0,Mus musculus
S6FN19,39.281316547167634,20.0,Caenorhabditis elegans
S6FN32,39.81437068381372,20.0,Caenorhabditis elegans
V9GXI7,47.23372414401426,37.0,Mus musculus
X1WHB9,56.16820627265316,28.0,Danio rerio
