A0A068BIS6,53.0609870681987,37.0,Mus musculus
A0A087WST1,48.023423118167145,37.0,Mus musculus
A0A0A6YY22,49.218123015140115,37.0,Mus musculus
A0A0K3ASN8,36.56589097722698,20.0,Caenorhabditis elegans
A0A0N4SVB8,45.80408281043794,37.0,Mus musculus
A0A0R4J027,52.26076305260646,37.0,Mus musculus
A0A0R4J091,52.72950090592655,37.0,Mus musculus
A0A0R4J0K4,50.22975415220336,37.0,Mus musculus
A0A0R4J0U7,51.75342271791342,37.0,Mus musculus
A0A0R4J1C8,61.84045147530432,37.0,Mus musculus
A0A0R4J233,51.75377902414599,37.0,Mus musculus
A0A0R4J243,54.14420685875172,37.0,Mus musculus
A0A0U1RNL1,50.88474722718876,37.0,Mus musculus
A2A6H1,64.35866841136017,37.0,Mus musculus
A2AEB4,53.078946040055655,37.0,Mus musculus
A2AH25,49.26701324309662,37.0,Mus musculus
A2AMS3,53.553123091271445,37.0,Mus musculus
A2AN96,49.83447761509196,37.0,Mus musculus
A2CF65,53.231027333048445,37.0,Mus musculus
A3QMC8,40.3107575982453,20.0,Caenorhabditis elegans
A4F332,37.363985880229926,20.0,Caenorhabditis elegans
A4FUS1,47.11119858519447,37.0,Mus musculus
A5A8Q6,37.64970978256231,20.0,Caenorhabditis elegans
A5JYY8,41.78720244703338,20.0,Caenorhabditis elegans
A6PWX9,51.92086860828738,37.0,Mus musculus
A7LPI3,40.30664499850631,20.0,Caenorhabditis elegans
A8MTA8,54.94471022534672,37.0,Homo sapiens
A8WHU4,41.38000864267062,20.0,Caenorhabditis elegans
B0S5S6,55.79585195022033,28.0,Danio rerio
B1AV77,45.50528844157578,37.0,Mus musculus
B2RPS1,49.252907119059365,37.0,Mus musculus
B7Z7N5,49.965234611464396,37.0,Homo sapiens
B9EI61,53.482273850881064,37.0,Mus musculus
C0SPC3,46.85376591421371,37.0,Bacillus subtilis
C0Z1Y9,40.96388400120111,20.0,Caenorhabditis elegans
D3YVM8,51.915003445605656,37.0,Mus musculus
D3YWK1,48.99967023988582,37.0,Mus musculus
D3YXL1,44.65649716769047,37.0,Mus musculus
D3YZ89,50.593466719032996,37.0,Mus musculus
D3YZZ5,50.88786545160343,37.0,Mus musculus
D6RBT3,64.37779136199335,37.0,Homo sapiens
E0CY16,50.78528413432487,37.0,Mus musculus
E0CZ61,48.746721961239885,37.0,Mus musculus
E9PUH6,57.76334919224216,37.0,Mus musculus
E9PWY9,45.82439653849627,37.0,Mus musculus
E9PY48,48.338320158628214,37.0,Mus musculus
E9PYN2,47.832179492070324,37.0,Mus musculus
E9PZP3,46.25377984518863,37.0,Mus musculus
E9QAT0,51.01387871528705,37.0,Mus musculus
E9QG37,50.766993425452135,28.0,Danio rerio
E9QKI5,51.62198333086048,37.0,Mus musculus
F4JNU8,44.65637538358257,22.0,Arabidopsis thaliana
F5GWL5,52.61872694988027,37.0,Homo sapiens
F6Q269,46.593310583276754,37.0,Mus musculus
G3UW46,53.09157622098269,37.0,Mus musculus
G5E8M9,57.82749889019673,37.0,Mus musculus
G5E8W9,51.130464359739236,37.0,Mus musculus
G5EC96,45.45347265876686,20.0,Caenorhabditis elegans
G5ECE7,56.64053031727603,20.0,Caenorhabditis elegans
G5ECE8,36.98304669370298,20.0,Caenorhabditis elegans
G5ECY2,45.906256454302145,20.0,Caenorhabditis elegans
G5ED56,41.4279475271898,20.0,Caenorhabditis elegans
G5EE64,40.0335894525606,20.0,Caenorhabditis elegans
G5EER4,36.87439704483845,20.0,Caenorhabditis elegans
G5EEX4,51.003066367385365,20.0,Caenorhabditis elegans
G5EFN3,39.98653159762714,20.0,Caenorhabditis elegans
G5EFQ6,47.26983135507131,20.0,Caenorhabditis elegans
G5EFU0,40.9447405284564,20.0,Caenorhabditis elegans
H2KZ06,38.13578034238754,20.0,Caenorhabditis elegans
H2KZN7,40.574185406675895,20.0,Caenorhabditis elegans
H2L0F2,37.33557804117872,20.0,Caenorhabditis elegans
J3KND3,53.49710642686022,37.0,Homo sapiens
M0QWV7,50.131063898049106,37.0,Mus musculus
O01531,41.48972476590658,20.0,Caenorhabditis elegans
O01803,40.51554551427065,20.0,Caenorhabditis elegans
O01806,40.08654950586474,20.0,Caenorhabditis elegans
O01889,40.69139481709441,20.0,Caenorhabditis elegans
O02097,48.087114882257424,20.0,Caenorhabditis elegans
O02115,45.02532127158704,20.0,Caenorhabditis elegans
O02485,45.8917850248803,20.0,Caenorhabditis elegans
O02637,44.891235601973655,20.0,Caenorhabditis elegans
O04846,54.95521710401911,22.0,Arabidopsis thaliana
O05236,44.21090845890545,37.0,Bacillus subtilis
O06492,37.23179288190537,37.0,Bacillus subtilis
O06747,49.7118196716531,37.0,Bacillus subtilis
O07521,52.142625070709336,37.0,Bacillus subtilis
O07577,35.371916818165644,37.0,Bacillus subtilis
O07587,44.21453404545737,37.0,Bacillus subtilis
O07615,42.009269907832724,37.0,Bacillus subtilis
O08789,50.17060928963405,37.0,Mus musculus
O16318,42.35753599225727,20.0,Caenorhabditis elegans
O16582,42.50996831542069,20.0,Caenorhabditis elegans
O16927,39.575699116870425,20.0,Caenorhabditis elegans
O16948,39.00410234288345,20.0,Caenorhabditis elegans
O17214,45.08658710298608,20.0,Caenorhabditis elegans
O17622,38.70256289164494,20.0,Caenorhabditis elegans
O17829,45.051358423422265,20.0,Caenorhabditis elegans
O18373,46.67958944955676,25.0,Drosophila melanogaster
O22468,55.148166312311446,22.0,Arabidopsis thaliana
O23212,43.53189690858354,22.0,Arabidopsis thaliana
O23406,40.75258608125057,22.0,Arabidopsis thaliana
O31547,46.920053530837336,37.0,Bacillus subtilis
O31556,40.2781934140519,37.0,Bacillus subtilis
O31630,42.071460081670054,37.0,Bacillus subtilis
O31671,42.47233537798342,37.0,Bacillus subtilis
O31853,50.21126236171384,37.0,Bacillus subtilis
O31856,47.895359606563076,37.0,Bacillus subtilis
O31914,41.73327231492148,37.0,Bacillus subtilis
O32039,42.29823672459752,37.0,Bacillus subtilis
O32198,42.749017070616844,37.0,Bacillus subtilis
O32254,42.55910729060421,37.0,Bacillus subtilis
O32437,42.559715331534775,37.0,Bacillus subtilis
O34358,48.8756973022169,37.0,Bacillus subtilis
O34403,44.46138248606043,37.0,Bacillus subtilis
O34539,45.147926587941384,37.0,Bacillus subtilis
O34666,38.86414955161394,37.0,Bacillus subtilis
O34798,43.27016459251996,37.0,Bacillus subtilis
O34911,49.517639609131386,37.0,Bacillus subtilis
O34921,45.131002481091606,37.0,Bacillus subtilis
O34947,47.45297895570498,37.0,Bacillus subtilis
O34949,44.00179249411024,37.0,Bacillus subtilis
O35495,50.12830077785617,37.0,Mus musculus
O35972,44.54425767244675,37.0,Mus musculus
O43193,48.989635372530245,37.0,Homo sapiens
O44730,43.680034633223634,20.0,Caenorhabditis elegans
O44788,39.687044875460955,20.0,Caenorhabditis elegans
O45394,38.01480963837856,20.0,Caenorhabditis elegans
O45458,35.066244133269784,20.0,Caenorhabditis elegans
O46080,44.26492168572048,25.0,Drosophila melanogaster
O48721,46.157566659165056,22.0,Arabidopsis thaliana
O49196,47.59813670941739,22.0,Arabidopsis thaliana
O54910,49.24796755422352,37.0,Mus musculus
O60200,55.198994510454284,32.0,Saccharomyces cerevisiae
O61710,39.2172501763848,20.0,Caenorhabditis elegans
O62272,45.62604249469397,20.0,Caenorhabditis elegans
O62390,47.30639259134724,20.0,Caenorhabditis elegans
O62460,38.32848203815561,20.0,Caenorhabditis elegans
O64733,46.81537438277309,22.0,Arabidopsis thaliana
O70145,44.6000933664845,37.0,Mus musculus
O76651,34.249329270387264,20.0,Caenorhabditis elegans
O80501,48.36536910937902,22.0,Arabidopsis thaliana
O80842,41.16377594033587,22.0,Arabidopsis thaliana
O80852,44.18350759022022,22.0,Arabidopsis thaliana
O82314,44.162472829277114,22.0,Arabidopsis thaliana
O82399,44.108231782890556,22.0,Arabidopsis thaliana
O88554,47.78564956453465,37.0,Mus musculus
O88597,49.318844069712846,37.0,Mus musculus
P00360,52.881633272031856,32.0,Saccharomyces cerevisiae
P00528,37.987333627622064,25.0,Drosophila melanogaster
P00860,49.680033952758166,37.0,Mus musculus
P00920,50.65400732804084,37.0,Mus musculus
P01915,54.48067491013615,37.0,Mus musculus
P02557,46.571699195316796,32.0,Saccharomyces cerevisiae
P05050,49.71215958903004,37.0,Escherichia coli
P05649,43.5689366537875,37.0,Bacillus subtilis
P05748,41.80250374571646,32.0,Saccharomyces cerevisiae
P07273,49.50930058095938,32.0,Saccharomyces cerevisiae
P07486,47.78287565152146,25.0,Drosophila melanogaster
P08536,51.26178932291015,32.0,Saccharomyces cerevisiae
P08821,39.47029643417167,37.0,Bacillus subtilis
P09468,42.681315016296764,22.0,Arabidopsis thaliana
P0A6A6,43.45569301810624,37.0,Escherichia coli
P0AAD2,45.76767756320895,37.0,Escherichia coli
P0ABK2,56.49329057012758,37.0,Escherichia coli
P0ADA3,54.78270817365811,37.0,Escherichia coli
P0ADC1,53.83105742889456,37.0,Escherichia coli
P0AFC0,48.4292725180562,37.0,Escherichia coli
P0C025,58.6854386528676,37.0,Homo sapiens
P0CG14,52.895441479207165,37.0,Mus musculus
P0CX30,41.66741995105056,32.0,Saccharomyces cerevisiae
P0CX34,42.530775339722915,32.0,Saccharomyces cerevisiae
P0DI07,47.85571343786263,22.0,Arabidopsis thaliana
P10645,51.10958355317257,37.0,Homo sapiens
P10662,46.579606172370326,32.0,Saccharomyces cerevisiae
P10664,42.660724188242774,32.0,Saccharomyces cerevisiae
P10907,57.93317597829411,37.0,Escherichia coli
P10981,41.51909994627212,25.0,Drosophila melanogaster
P11031,55.65870890719228,37.0,Mus musculus
P11152,49.73081204358862,37.0,Mus musculus
P11633,48.72248655205779,32.0,Saccharomyces cerevisiae
P11836,52.82299909650486,37.0,Homo sapiens
P11928,47.74854042430037,37.0,Mus musculus
P12456,50.11078806192709,20.0,Caenorhabditis elegans
P12630,50.87971279777673,32.0,Saccharomyces cerevisiae
P13800,44.20650816153082,37.0,Bacillus subtilis
P14127,43.606699842300976,32.0,Saccharomyces cerevisiae
P14204,46.0827728779133,37.0,Bacillus subtilis
P14234,42.957086628868154,37.0,Mus musculus
P14743,48.44717330507586,32.0,Saccharomyces cerevisiae
P15723,56.11119536238229,37.0,Escherichia coli
P16120,53.012163089125856,32.0,Saccharomyces cerevisiae
P17745,40.03555062778316,22.0,Arabidopsis thaliana
P18101,43.47037367359936,25.0,Drosophila melanogaster
P18158,44.20041154682725,37.0,Bacillus subtilis
P19881,53.375607589641334,32.0,Saccharomyces cerevisiae
P20477,43.07703800466163,25.0,Drosophila melanogaster
P20486,52.140333382590484,32.0,Saccharomyces cerevisiae
P21306,52.78962211413767,32.0,Saccharomyces cerevisiae
P21345,48.215296751418464,37.0,Escherichia coli
P21881,46.74246218217068,37.0,Bacillus subtilis
P22090,52.98083885783474,37.0,Homo sapiens
P22894,49.26995921977497,37.0,Homo sapiens
P23291,48.95714608948461,32.0,Saccharomyces cerevisiae
P23776,50.928045887121634,32.0,Saccharomyces cerevisiae
P24173,49.90729091947373,37.0,Escherichia coli
P25007,42.64740065544181,25.0,Drosophila melanogaster
P25228,37.05012601307416,25.0,Drosophila melanogaster
P25374,48.19516406919566,32.0,Saccharomyces cerevisiae
P25443,41.891364450047554,32.0,Saccharomyces cerevisiae
P25811,50.039218386148725,37.0,Bacillus subtilis
P25819,52.11040666748527,22.0,Arabidopsis thaliana
P25858,36.88690612757573,22.0,Arabidopsis thaliana
P25972,40.50190242326099,37.0,Bacillus subtilis
P25983,44.86969244364686,37.0,Bacillus subtilis
P26905,41.07115142346943,37.0,Bacillus subtilis
P27091,37.88368946652226,25.0,Drosophila melanogaster
P27216,52.2120819236756,37.0,Homo sapiens
P27837,42.86243228972713,37.0,Escherichia coli
P29131,61.548577481885665,37.0,Escherichia coli
P29547,44.16490411574202,32.0,Saccharomyces cerevisiae
P30646,33.948932432154955,20.0,Caenorhabditis elegans
P31104,42.676598201284705,37.0,Bacillus subtilis
P32160,54.73518947059665,37.0,Escherichia coli
P32264,44.84590984131236,32.0,Saccharomyces cerevisiae
P32342,43.875484283916315,32.0,Saccharomyces cerevisiae
P32381,49.58525316499332,32.0,Saccharomyces cerevisiae
P32437,47.140026973508256,37.0,Bacillus subtilis
P32607,54.65192277223609,32.0,Saccharomyces cerevisiae
P32614,53.457692136572796,32.0,Saccharomyces cerevisiae
P33596,40.83807154783919,37.0,Escherichia coli
P34022,50.95742597015261,37.0,Mus musculus
P34286,48.10457529726845,20.0,Caenorhabditis elegans
P34480,42.20317384604925,20.0,Caenorhabditis elegans
P34541,46.43214221783121,20.0,Caenorhabditis elegans
P34630,44.464284317319255,20.0,Caenorhabditis elegans
P35122,47.185838421488704,25.0,Drosophila melanogaster
P35146,43.55114897558099,37.0,Bacillus subtilis
P35155,47.84042899554889,37.0,Bacillus subtilis
P35202,52.90236369387937,32.0,Saccharomyces cerevisiae
P36119,61.68195212692248,32.0,Saccharomyces cerevisiae
P36521,43.482472317557374,32.0,Saccharomyces cerevisiae
P36839,48.2795022947818,37.0,Bacillus subtilis
P36958,48.668695229498255,25.0,Drosophila melanogaster
P37340,42.72576301898451,37.0,Escherichia coli
P37517,45.50292319059596,37.0,Bacillus subtilis
P37523,39.91346479840336,37.0,Bacillus subtilis
P37595,68.98769074783974,37.0,Escherichia coli
P37794,54.57205475247159,37.0,Escherichia coli
P38113,46.228575499299836,32.0,Saccharomyces cerevisiae
P38219,45.48424381793633,32.0,Saccharomyces cerevisiae
P38238,51.20108685057188,32.0,Saccharomyces cerevisiae
P38255,50.70952406546731,32.0,Saccharomyces cerevisiae
P38264,42.661737758808684,32.0,Saccharomyces cerevisiae
P38340,46.280680453834115,32.0,Saccharomyces cerevisiae
P38354,45.96140975249184,32.0,Saccharomyces cerevisiae
P38689,46.78554019258915,32.0,Saccharomyces cerevisiae
P38902,49.62289492556373,32.0,Saccharomyces cerevisiae
P39077,47.453128012999215,32.0,Saccharomyces cerevisiae
P39149,40.225171226463374,37.0,Bacillus subtilis
P39155,42.98060464660807,37.0,Bacillus subtilis
P39310,51.40972184997424,37.0,Escherichia coli
P39405,54.17220699506799,37.0,Escherichia coli
P39597,44.99972215771949,37.0,Bacillus subtilis
P39598,40.09707306995899,37.0,Bacillus subtilis
P39641,41.54284732492539,37.0,Bacillus subtilis
P39706,49.71843554871324,32.0,Saccharomyces cerevisiae
P39729,45.09092447471823,32.0,Saccharomyces cerevisiae
P39751,41.219640310001125,37.0,Bacillus subtilis
P40010,48.49920709390966,32.0,Saccharomyces cerevisiae
P40045,53.95272038641,32.0,Saccharomyces cerevisiae
P40051,47.53462788972404,32.0,Saccharomyces cerevisiae
P40399,42.54149881194126,37.0,Bacillus subtilis
P40449,48.06855209067982,32.0,Saccharomyces cerevisiae
P40759,39.726374825856475,37.0,Bacillus subtilis
P40945,38.9095870621439,25.0,Drosophila melanogaster
P40961,44.16890094595412,32.0,Saccharomyces cerevisiae
P41277,50.70656125852983,32.0,Saccharomyces cerevisiae
P41375,40.48293562367553,25.0,Drosophila melanogaster
P41932,45.452434808465334,20.0,Caenorhabditis elegans
P41992,46.01359866530876,20.0,Caenorhabditis elegans
P42108,47.90046251213845,37.0,Bacillus subtilis
P42281,46.00261822538645,25.0,Drosophila melanogaster
P42400,50.71772862702546,37.0,Bacillus subtilis
P43567,48.59855435952665,32.0,Saccharomyces cerevisiae
P43601,51.93059983125789,32.0,Saccharomyces cerevisiae
P45978,50.72682349051682,32.0,Saccharomyces cerevisiae
P46654,42.98255612438269,32.0,Saccharomyces cerevisiae
P46824,45.19328823984819,25.0,Drosophila melanogaster
P47008,51.40030807750811,32.0,Saccharomyces cerevisiae
P47103,48.28117671172707,32.0,Saccharomyces cerevisiae
P47999,50.639842377631766,22.0,Arabidopsis thaliana
P48015,50.8249430306863,32.0,Saccharomyces cerevisiae
P48349,53.29339579857802,22.0,Arabidopsis thaliana
P48360,43.892841775105005,32.0,Saccharomyces cerevisiae
P48376,37.630580604626445,20.0,Caenorhabditis elegans
P48458,41.72663857977183,20.0,Caenorhabditis elegans
P48570,52.91399005760646,32.0,Saccharomyces cerevisiae
P48604,47.06160725414722,25.0,Drosophila melanogaster
P48610,43.97999956004498,25.0,Drosophila melanogaster
P48612,35.88363974060964,25.0,Drosophila melanogaster
P48727,40.68807351432357,20.0,Caenorhabditis elegans
P49167,42.127411796279546,32.0,Saccharomyces cerevisiae
P49435,48.83909567736613,32.0,Saccharomyces cerevisiae
P49626,42.12676541205999,32.0,Saccharomyces cerevisiae
P49769,51.53038907802095,37.0,Mus musculus
P49967,41.01710484693063,22.0,Arabidopsis thaliana
P50278,47.00851672670825,32.0,Saccharomyces cerevisiae
P50464,49.364740272392645,20.0,Caenorhabditis elegans
P50619,52.66763556020249,37.0,Bacillus subtilis
P51419,44.54908628026817,22.0,Arabidopsis thaliana
P51513,45.50476024019661,37.0,Homo sapiens
P51833,44.63563647710446,37.0,Bacillus subtilis
P52018,39.85060872673481,20.0,Caenorhabditis elegans
P52410,40.60084528694566,22.0,Arabidopsis thaliana
P52917,53.938942651155095,32.0,Saccharomyces cerevisiae
P53177,50.89939308052199,32.0,Saccharomyces cerevisiae
P53221,42.39700122603671,32.0,Saccharomyces cerevisiae
P53265,50.55388254711881,32.0,Saccharomyces cerevisiae
P53315,50.818812812715144,32.0,Saccharomyces cerevisiae
P53559,44.7468140813488,37.0,Bacillus subtilis
P53567,52.95755271194408,37.0,Homo sapiens
P53615,52.36201024649433,32.0,Saccharomyces cerevisiae
P53779,49.33449947554644,37.0,Homo sapiens
P54154,42.21203116302355,37.0,Bacillus subtilis
P54389,44.63042336520615,37.0,Bacillus subtilis
P54412,38.378276750217886,20.0,Caenorhabditis elegans
P54515,43.53776947356439,37.0,Bacillus subtilis
P54520,41.46933024326814,37.0,Bacillus subtilis
P54564,42.872936349060794,37.0,Bacillus subtilis
P54575,43.252525905762944,37.0,Bacillus subtilis
P54871,36.00419492892264,20.0,Caenorhabditis elegans
P55873,39.252516933870204,37.0,Bacillus subtilis
P55908,38.08086194251886,37.0,Bacillus subtilis
P56538,47.174905671171544,25.0,Drosophila melanogaster
P58012,48.15861970998008,37.0,Homo sapiens
P59999,56.57330403846843,37.0,Mus musculus
P60040,35.36894729515563,22.0,Arabidopsis thaliana
P60762,51.22748816714633,37.0,Mus musculus
P61620,53.224668389852546,37.0,Mus musculus
P62664,75.51697305476635,70.0,Thermus thermophilus
P64578,58.08636724805352,37.0,Escherichia coli
P69346,58.683832750090616,37.0,Escherichia coli
P69348,57.16104711165581,37.0,Escherichia coli
P69771,50.15460197336123,32.0,Saccharomyces cerevisiae
P69910,52.048704196540115,37.0,Escherichia coli
P70970,44.53697543715228,37.0,Bacillus subtilis
P71073,45.156360572989215,37.0,Bacillus subtilis
P76513,56.795554086108964,37.0,Escherichia coli
P77286,57.00989074345744,37.0,Escherichia coli
P77529,50.59444899516654,37.0,Escherichia coli
P77562,45.96598763274733,37.0,Escherichia coli
P83291,49.02476318979397,22.0,Arabidopsis thaliana
P90916,40.24394499476437,20.0,Caenorhabditis elegans
P90917,33.69580494893228,20.0,Caenorhabditis elegans
P91189,42.784547864425505,20.0,Caenorhabditis elegans
P91253,45.56880312451098,20.0,Caenorhabditis elegans
P91343,49.64831871417691,20.0,Caenorhabditis elegans
P91529,41.693030362616994,20.0,Caenorhabditis elegans
P91664,43.594315106725226,25.0,Drosophila melanogaster
P91931,43.52177067781421,25.0,Drosophila melanogaster
P92979,43.26277837703929,22.0,Arabidopsis thaliana
P93033,49.440214918576444,22.0,Arabidopsis thaliana
P94415,42.62703056579289,37.0,Bacillus subtilis
P94478,36.81542368403867,37.0,Bacillus subtilis
P94560,50.5320546485396,37.0,Bacillus subtilis
P94569,46.84984682768395,37.0,Bacillus subtilis
P96499,40.21308742599499,37.0,Bacillus subtilis
P96597,46.878703512326965,37.0,Bacillus subtilis
P96707,43.51179365230802,37.0,Bacillus subtilis
P97823,50.4939001683348,37.0,Mus musculus
P99029,54.79226168806673,37.0,Mus musculus
Q00684,41.97358499029803,32.0,Saccharomyces cerevisiae
Q02748,42.763726048547625,25.0,Drosophila melanogaster
Q03330,52.67204525972154,32.0,Saccharomyces cerevisiae
Q03652,51.69032187775336,32.0,Saccharomyces cerevisiae
Q04344,51.68139717583742,32.0,Saccharomyces cerevisiae
Q04372,53.78871437416959,32.0,Saccharomyces cerevisiae
Q04448,43.85645104259846,25.0,Drosophila melanogaster
Q04951,52.83837414450296,32.0,Saccharomyces cerevisiae
Q05533,50.442100157069476,32.0,Saccharomyces cerevisiae
Q05584,53.32334387174094,32.0,Saccharomyces cerevisiae
Q06336,48.67510516836329,32.0,Saccharomyces cerevisiae
Q06604,53.036700344341206,32.0,Saccharomyces cerevisiae
Q07356,42.877770677648286,22.0,Arabidopsis thaliana
Q08220,51.88259834500485,32.0,Saccharomyces cerevisiae
Q08788,42.59781057418198,37.0,Bacillus subtilis
Q08926,50.21291192113888,32.0,Saccharomyces cerevisiae
Q08971,51.44026011038315,32.0,Saccharomyces cerevisiae
Q09278,38.16952314646168,20.0,Caenorhabditis elegans
Q09454,44.88482944257286,20.0,Caenorhabditis elegans
Q0PD65,46.21741994905179,37.0,Mus musculus
Q0VF92,49.43793979917359,37.0,Mus musculus
Q0WRW8,40.85150707004742,22.0,Arabidopsis thaliana
Q0WWT7,36.378135446810205,22.0,Arabidopsis thaliana
Q10950,38.94093971593773,20.0,Caenorhabditis elegans
Q12000,44.760927496474146,32.0,Saccharomyces cerevisiae
Q12163,52.0879258169105,32.0,Saccharomyces cerevisiae
Q12178,52.98325430542011,32.0,Saccharomyces cerevisiae
Q12285,53.11689769296633,32.0,Saccharomyces cerevisiae
Q12377,44.54691015990842,32.0,Saccharomyces cerevisiae
Q12420,48.631997101507814,32.0,Saccharomyces cerevisiae
Q13520,49.82987075830253,37.0,Homo sapiens
Q15050,54.39606804950899,37.0,Homo sapiens
Q17510,37.70887708235778,20.0,Caenorhabditis elegans
Q17820,38.87849766797734,20.0,Caenorhabditis elegans
Q18279,41.176809231749736,20.0,Caenorhabditis elegans
Q18424,47.82404757439905,20.0,Caenorhabditis elegans
Q18910,39.336160129989864,20.0,Caenorhabditis elegans
Q18940,53.07792190932919,20.0,Caenorhabditis elegans
Q18986,46.081444558451985,20.0,Caenorhabditis elegans
Q18989,40.649377211693626,20.0,Caenorhabditis elegans
Q19007,43.2610351599493,20.0,Caenorhabditis elegans
Q19577,40.88634533620579,20.0,Caenorhabditis elegans
Q19759,40.58514668073284,20.0,Caenorhabditis elegans
Q19830,49.582312663180005,20.0,Caenorhabditis elegans
Q20048,36.95986860663245,20.0,Caenorhabditis elegans
Q20068,38.793934011574976,20.0,Caenorhabditis elegans
Q20173,46.90944020643978,20.0,Caenorhabditis elegans
Q20184,38.68080719987031,20.0,Caenorhabditis elegans
Q20223,49.79906012287978,20.0,Caenorhabditis elegans
Q20489,39.27463685762843,20.0,Caenorhabditis elegans
Q21012,42.93254932993736,20.0,Caenorhabditis elegans
Q21193,46.09549686796944,20.0,Caenorhabditis elegans
Q21429,34.95548383729474,20.0,Caenorhabditis elegans
Q21541,43.54603309994764,20.0,Caenorhabditis elegans
Q21633,44.73394510902172,20.0,Caenorhabditis elegans
Q21966,43.66436389847426,20.0,Caenorhabditis elegans
Q22352,39.7028146349568,20.0,Caenorhabditis elegans
Q22540,39.4517166643208,20.0,Caenorhabditis elegans
Q22629,41.255177935483445,20.0,Caenorhabditis elegans
Q23338,40.00629755596263,20.0,Caenorhabditis elegans
Q23565,43.63807891718594,20.0,Caenorhabditis elegans
Q23570,38.99616329831706,20.0,Caenorhabditis elegans
Q23623,42.10664121764284,20.0,Caenorhabditis elegans
Q23645,43.683257016872155,20.0,Caenorhabditis elegans
Q24276,44.065558435627956,25.0,Drosophila melanogaster
Q2TBE6,44.765329546155385,37.0,Mus musculus
Q38857,36.82041732477187,22.0,Arabidopsis thaliana
Q39222,39.14725272738618,22.0,Arabidopsis thaliana
Q39230,43.425657445659915,22.0,Arabidopsis thaliana
Q3KR14,48.007288795408215,28.0,Danio rerio
Q3TA56,52.113032023519516,37.0,Mus musculus
Q3TBT3,51.37864286599119,37.0,Mus musculus
Q3TCU5,49.96250494849176,37.0,Mus musculus
Q3THJ3,49.6576039505092,37.0,Mus musculus
Q3TLQ4,49.23540567304024,37.0,Mus musculus
Q3TN07,46.47671573028297,37.0,Mus musculus
Q3TXX3,49.15022864599517,37.0,Mus musculus
Q3U0T9,45.7720474814149,37.0,Mus musculus
Q3U3M5,53.15650901749123,37.0,Mus musculus
Q3U3M9,49.39454741556521,37.0,Mus musculus
Q3U6N9,48.12635749106117,37.0,Mus musculus
Q3UDP9,50.58739787989183,37.0,Mus musculus
Q3UGT9,46.28147385493425,37.0,Mus musculus
Q3UHJ1,48.72045082482644,37.0,Mus musculus
Q3UIG0,48.717177590465084,37.0,Mus musculus
Q3UL22,56.0300952576771,37.0,Mus musculus
Q3UZR8,49.64716381900874,37.0,Mus musculus
Q3V460,53.84553171296463,37.0,Mus musculus
Q42112,54.27855671448261,22.0,Arabidopsis thaliana
Q45065,52.66722330476931,37.0,Bacillus subtilis
Q45600,43.86409291314341,37.0,Bacillus subtilis
Q4W5S9,39.02110858710872,20.0,Caenorhabditis elegans
Q502K8,51.63027594194454,28.0,Danio rerio
Q537H7,50.12226740055837,37.0,Homo sapiens
Q542J9,53.50230527839689,37.0,Mus musculus
Q544B3,47.366589462601745,37.0,Mus musculus
Q544L2,47.75852954648967,37.0,Mus musculus
Q544L9,52.26728147689253,37.0,Mus musculus
Q545T0,45.80938942431672,37.0,Mus musculus
Q545W2,48.78556291802156,37.0,Mus musculus
Q5CZT0,50.11102440559007,28.0,Danio rerio
Q5EBP8,55.90667176919061,37.0,Mus musculus
Q5EBQ6,43.37403932432483,37.0,Mus musculus
Q5FW94,48.18306671927863,37.0,Mus musculus
Q5FW97,49.32521061968886,37.0,Mus musculus
Q5JVS0,55.43556460214365,37.0,Homo sapiens
Q5M9K9,51.719475646435264,37.0,Mus musculus
Q5SUH7,51.79579319638282,37.0,Mus musculus
Q5SVQ0,47.947951348890065,37.0,Mus musculus
Q60989,56.32346959933068,37.0,Mus musculus
Q61074,44.345763324996206,37.0,Mus musculus
Q62048,45.79292397219244,37.0,Mus musculus
Q62087,48.60820495581427,37.0,Mus musculus
Q6A0D4,51.58470107652732,37.0,Mus musculus
Q6A576,46.31058736164086,20.0,Caenorhabditis elegans
Q6DFW4,55.004089266224604,37.0,Mus musculus
Q6J9G0,46.440998243280575,37.0,Homo sapiens
Q6KYU6,72.34703298697741,60.0,Picrophilus torridus
Q6KYX0,71.37102958986841,60.0,Picrophilus torridus
Q6KZ22,63.772096370475985,60.0,Picrophilus torridus
Q6KZ40,75.95299083233361,60.0,Picrophilus torridus
Q6KZ65,69.5466261066767,60.0,Picrophilus torridus
Q6KZ98,73.97524327846347,60.0,Picrophilus torridus
Q6KZH7,68.48084932554735,60.0,Picrophilus torridus
Q6L006,67.76881045377272,60.0,Picrophilus torridus
Q6L025,82.21281648254637,60.0,Picrophilus torridus
Q6L040,71.06867422178684,60.0,Picrophilus torridus
Q6L092,70.95130229025824,60.0,Picrophilus torridus
Q6L094,80.82597571761877,60.0,Picrophilus torridus
Q6L0B4,74.1764623504829,60.0,Picrophilus torridus
Q6L0B8,71.51799825544323,60.0,Picrophilus torridus
Q6L0C4,64.09438519268463,60.0,Picrophilus torridus
Q6L0D6,67.90947203239851,60.0,Picrophilus torridus
Q6L0F3,75.6249666265488,60.0,Picrophilus torridus
Q6L0F4,80.25092798805571,60.0,Picrophilus torridus
Q6L0H1,65.56193688273247,60.0,Picrophilus torridus
Q6L0N9,79.0954995334578,60.0,Picrophilus torridus
Q6L0S5,70.57220799348391,60.0,Picrophilus torridus
Q6L0T7,71.67328527714206,60.0,Picrophilus torridus
Q6L104,69.28538614705725,60.0,Picrophilus torridus
Q6L125,77.63879389425675,60.0,Picrophilus torridus
Q6L138,67.94840302072188,60.0,Picrophilus torridus
Q6L142,72.92774860497124,60.0,Picrophilus torridus
Q6L145,75.46677153841145,60.0,Picrophilus torridus
Q6L160,77.66306507295515,60.0,Picrophilus torridus
Q6L163,67.16571988149387,60.0,Picrophilus torridus
Q6L176,67.6648334356159,60.0,Picrophilus torridus
Q6L1A0,74.74461363905401,60.0,Picrophilus torridus
Q6L1A8,68.80993236927213,60.0,Picrophilus torridus
Q6L1C1,70.33195369927411,60.0,Picrophilus torridus
Q6L1C2,67.72005702083995,60.0,Picrophilus torridus
Q6L1E2,65.20098690422928,60.0,Picrophilus torridus
Q6L1E8,73.56413357209563,60.0,Picrophilus torridus
Q6L1G8,69.6430605258983,60.0,Picrophilus torridus
Q6L1S6,74.5504437646824,60.0,Picrophilus torridus
Q6L1T2,65.83773639184255,60.0,Picrophilus torridus
Q6L1U7,69.76923788236687,60.0,Picrophilus torridus
Q6L1V3,69.9366154645751,60.0,Picrophilus torridus
Q6L1W2,72.92453606086963,60.0,Picrophilus torridus
Q6L1X4,72.05512911950258,60.0,Picrophilus torridus
Q6L224,67.82219612924075,60.0,Picrophilus torridus
Q6L227,73.16509260263874,60.0,Picrophilus torridus
Q6L231,69.9524755184466,60.0,Picrophilus torridus
Q6L244,70.66150201416691,60.0,Picrophilus torridus
Q6L293,69.46054466758017,60.0,Picrophilus torridus
Q6L2E6,68.4909787326734,60.0,Picrophilus torridus
Q6L2G9,75.24389947241315,60.0,Picrophilus torridus
Q6L2H0,78.30599081234634,60.0,Picrophilus torridus
Q6L2J0,67.26012895445861,60.0,Picrophilus torridus
Q6L2J9,71.85476444571886,60.0,Picrophilus torridus
Q6L2L9,76.8627341505259,60.0,Picrophilus torridus
Q6L303,74.82355028304109,60.0,Picrophilus torridus
Q6L315,72.52230743541742,60.0,Picrophilus torridus
Q6L323,68.60075423342218,60.0,Picrophilus torridus
Q6NPM8,54.678556539681374,22.0,Arabidopsis thaliana
Q6P3A8,50.02395957777405,37.0,Mus musculus
Q6PFU7,51.446117085340404,28.0,Danio rerio
Q6PIK3,55.008334514057715,37.0,Homo sapiens
Q6Q152,43.45038715547295,22.0,Arabidopsis thaliana
Q6XPS7,51.887386385960085,37.0,Mus musculus
Q72G66,82.16250489609604,70.0,Thermus thermophilus
Q72HE8,92.57285069068394,70.0,Thermus thermophilus
Q72I09,75.70296691076378,70.0,Thermus thermophilus
Q72IA9,90.290097169041,70.0,Thermus thermophilus
Q72IC7,78.09752471135943,70.0,Thermus thermophilus
Q72ID1,90.01148889170346,70.0,Thermus thermophilus
Q72IY1,87.48769413713153,70.0,Thermus thermophilus
Q72IZ5,82.96916285191841,70.0,Thermus thermophilus
Q72J76,89.69178476344271,70.0,Thermus thermophilus
Q72JI0,88.97779160503022,70.0,Thermus thermophilus
Q72JL4,91.90082230907431,70.0,Thermus thermophilus
Q72K91,84.31793573949564,70.0,Thermus thermophilus
Q72KW8,80.59150350487677,70.0,Thermus thermophilus
Q745U7,77.00481904592034,70.0,Thermus thermophilus
Q746C2,87.5688993665227,70.0,Thermus thermophilus
Q746E3,89.55681500133154,70.0,Thermus thermophilus
Q78IS1,48.34757312656529,37.0,Mus musculus
Q7JMS5,43.73734461564436,20.0,Caenorhabditis elegans
Q7JR71,45.17182220838306,25.0,Drosophila melanogaster
Q7RTZ1,50.24250788372392,37.0,Homo sapiens
Q7SXN1,53.600808759737944,28.0,Danio rerio
Q7SYM7,52.15042470185002,28.0,Danio rerio
Q7YWR7,41.159939725194185,20.0,Caenorhabditis elegans
Q7YX44,34.96257614224944,20.0,Caenorhabditis elegans
Q80SY5,50.99237565662307,37.0,Mus musculus
Q84QC1,44.30248210217127,22.0,Arabidopsis thaliana
Q8BGK6,54.86574847406421,37.0,Mus musculus
Q8BHC7,50.00117441437209,37.0,Mus musculus
Q8BHL7,54.352109671718445,37.0,Mus musculus
Q8BK35,52.55445774855255,37.0,Mus musculus
Q8BK72,52.94581095593411,37.0,Mus musculus
Q8BKJ9,45.86210311508435,37.0,Mus musculus
Q8BL86,54.22212413814411,37.0,Mus musculus
Q8BMD8,56.03403356208134,37.0,Mus musculus
Q8BRB6,50.59849127129243,37.0,Mus musculus
Q8BU31,47.24863723515089,37.0,Mus musculus
Q8BUB4,47.921254907790946,37.0,Mus musculus
Q8BYK6,49.19750732996196,37.0,Mus musculus
Q8BYU6,48.37618516840254,37.0,Mus musculus
Q8C080,50.51713342511407,37.0,Mus musculus
Q8C0J6,46.36598557059948,37.0,Mus musculus
Q8C351,52.121602726973435,37.0,Mus musculus
Q8CG64,51.16571764886293,37.0,Mus musculus
Q8CI08,49.980204188890276,37.0,Mus musculus
Q8GR85,83.2983522319998,70.0,Thermus thermophilus
Q8GY88,43.5647709254367,22.0,Arabidopsis thaliana
Q8H1Y0,43.74109637414076,22.0,Arabidopsis thaliana
Q8I4G9,41.823687640363275,20.0,Caenorhabditis elegans
Q8IG39,43.66547697046694,20.0,Caenorhabditis elegans
Q8IZ26,53.86754559557475,37.0,Homo sapiens
Q8K0Y7,54.461529703005795,37.0,Mus musculus
Q8K2I1,45.62165281059641,37.0,Mus musculus
Q8K4F6,49.9174771129385,37.0,Mus musculus
Q8K4Z3,53.463160199107634,37.0,Mus musculus
Q8LAS8,44.163874224524896,22.0,Arabidopsis thaliana
Q8LCE1,44.300990073290066,22.0,Arabidopsis thaliana
Q8LF48,44.848767524677,22.0,Arabidopsis thaliana
Q8LFJ5,45.150593089042864,22.0,Arabidopsis thaliana
Q8LFS6,45.484877883043005,22.0,Arabidopsis thaliana
Q8N988,51.10616631062145,37.0,Homo sapiens
Q8NEF3,54.139828209897885,37.0,Homo sapiens
Q8NI28,54.001597185535665,37.0,Homo sapiens
Q8R015,52.25963427416198,37.0,Mus musculus
Q8R0I4,54.54501020886861,37.0,Mus musculus
Q8R1N4,45.16579743127006,37.0,Mus musculus
Q8S9K8,51.76478907851763,22.0,Arabidopsis thaliana
Q8VCM5,51.02030741269697,37.0,Mus musculus
Q8VD12,48.044717170326116,37.0,Mus musculus
Q8VDV8,50.18210337853113,37.0,Mus musculus
Q8VIK2,48.80484049932191,37.0,Mus musculus
Q8VY49,51.0764093159642,22.0,Arabidopsis thaliana
Q8VYG2,45.499727832829116,22.0,Arabidopsis thaliana
Q8VYK7,45.936934903053306,22.0,Arabidopsis thaliana
Q8VZN9,50.22487142163599,22.0,Arabidopsis thaliana
Q8W4C2,41.625458263001086,22.0,Arabidopsis thaliana
Q8WTM3,40.64366980761064,20.0,Caenorhabditis elegans
Q91VT4,51.06667557389167,37.0,Mus musculus
Q91WG3,48.18334039058524,37.0,Mus musculus
Q91WL6,47.79832026967169,37.0,Mus musculus
Q91WT4,46.314582022856605,37.0,Mus musculus
Q91YN8,52.31055587401822,37.0,Mus musculus
Q921D0,49.31585501548909,37.0,Mus musculus
Q921W2,52.094424916963064,37.0,Mus musculus
Q92754,47.09048769640318,37.0,Homo sapiens
Q93594,37.53044212313162,20.0,Caenorhabditis elegans
Q93VR3,38.413685646908824,22.0,Arabidopsis thaliana
Q93XN8,45.26398940650083,22.0,Arabidopsis thaliana
Q94913,46.34626577752297,25.0,Drosophila melanogaster
Q94981,44.344363681026046,25.0,Drosophila melanogaster
Q94A52,42.952589349531785,22.0,Arabidopsis thaliana
Q94AR8,50.29274441100857,22.0,Arabidopsis thaliana
Q94JQ3,55.06348132995636,22.0,Arabidopsis thaliana
Q94JV5,51.38061938698197,22.0,Arabidopsis thaliana
Q94KT8,45.882880886668595,22.0,Arabidopsis thaliana
Q95NU5,36.85143246294477,20.0,Caenorhabditis elegans
Q95QG7,45.034912595450045,20.0,Caenorhabditis elegans
Q95Y26,40.24408386333768,20.0,Caenorhabditis elegans
Q95Y79,44.64469834671864,20.0,Caenorhabditis elegans
Q95YD1,46.72655716902241,20.0,Caenorhabditis elegans
Q95YD8,33.073953310512344,20.0,Caenorhabditis elegans
Q960W6,39.8473810609253,25.0,Drosophila melanogaster
Q96251,45.9360742250453,22.0,Arabidopsis thaliana
Q965V9,42.433266155494174,20.0,Caenorhabditis elegans
Q969I3,52.55098745455426,37.0,Homo sapiens
Q969Q6,48.72215764070442,37.0,Homo sapiens
Q96CK0,52.27976349665841,37.0,Homo sapiens
Q96E17,53.13076245892211,37.0,Homo sapiens
Q96PX6,50.02318900602166,37.0,Homo sapiens
Q99369,44.56135238873267,32.0,Saccharomyces cerevisiae
Q99JW1,53.48483584063859,37.0,Mus musculus
Q99K95,55.05472583044812,37.0,Mus musculus
Q99LH9,51.91349078334749,37.0,Mus musculus
Q99NF3,48.73483942459402,37.0,Mus musculus
Q99PT1,53.61262536326664,37.0,Mus musculus
Q9BHL6,35.32219248648899,20.0,Caenorhabditis elegans
Q9BPW5,61.5002850729625,37.0,Homo sapiens
Q9C560,48.102489859816664,22.0,Arabidopsis thaliana
Q9CB01,38.44266926457265,22.0,Arabidopsis thaliana
Q9CPY3,53.426678767170635,37.0,Mus musculus
Q9CQ22,52.90808265283725,37.0,Mus musculus
Q9CQ65,59.55214596661093,37.0,Mus musculus
Q9CQ91,49.97214636361941,37.0,Mus musculus
Q9CQE3,49.591796597236254,37.0,Mus musculus
Q9CQE6,51.035800768869244,37.0,Mus musculus
Q9CQV5,47.39502445128498,37.0,Mus musculus
Q9CR29,52.9263613859828,37.0,Mus musculus
Q9CT10,48.49305151204859,37.0,Mus musculus
Q9CYD3,48.349411254504545,37.0,Mus musculus
Q9CZ15,50.36025090444276,37.0,Mus musculus
Q9D0M0,66.29114202773269,37.0,Mus musculus
Q9D0Q7,46.1975678579728,37.0,Mus musculus
Q9D0R8,51.214938064440155,37.0,Mus musculus
Q9D6H2,51.05094440577706,37.0,Mus musculus
Q9D6J5,48.61293047346503,37.0,Mus musculus
Q9D6W8,53.330238522408614,37.0,Mus musculus
Q9D7P6,50.27228660022733,37.0,Mus musculus
Q9D850,53.54175764242198,37.0,Mus musculus
Q9D8L5,50.143483257328164,37.0,Mus musculus
Q9D8Y1,51.56152026234978,37.0,Mus musculus
Q9D938,52.310692627780504,37.0,Mus musculus
Q9DBG5,49.646416368433904,37.0,Mus musculus
Q9DCB8,52.32674357533299,37.0,Mus musculus
Q9DCG9,51.91523700220176,37.0,Mus musculus
Q9DCI9,56.35163508559139,37.0,Mus musculus
Q9DCX1,50.28108398147354,37.0,Mus musculus
Q9EPQ7,50.76817238204763,37.0,Mus musculus
Q9EQH4,53.812301314012345,37.0,Mus musculus
Q9ERE7,52.61725243295787,37.0,Mus musculus
Q9FF90,40.63565850733171,22.0,Arabidopsis thaliana
Q9FL40,48.46083673973735,22.0,Arabidopsis thaliana
Q9FM04,45.55962898862806,22.0,Arabidopsis thaliana
Q9FNE2,46.64168004219887,22.0,Arabidopsis thaliana
Q9FV81,49.1040297007837,22.0,Arabidopsis thaliana
Q9FVT2,41.868783546830116,22.0,Arabidopsis thaliana
Q9FWA3,41.586428930343125,22.0,Arabidopsis thaliana
Q9FYR6,37.956766657614494,22.0,Arabidopsis thaliana
Q9GYT2,42.138612218333236,20.0,Caenorhabditis elegans
Q9HCJ6,50.60122532645129,37.0,Homo sapiens
Q9I7K6,46.47168698552719,25.0,Drosophila melanogaster
Q9JIB0,52.96087929306408,37.0,Mus musculus
Q9JJ00,52.25181193673588,37.0,Mus musculus
Q9JJN6,50.63313442006329,37.0,Mus musculus
Q9JJZ4,49.94212017235705,37.0,Mus musculus
Q9JKC7,50.5747982917665,37.0,Mus musculus
Q9JM62,59.71157844037387,37.0,Mus musculus
Q9JM90,48.8438723064847,37.0,Mus musculus
Q9KWZ1,41.88905615094839,37.0,Bacillus subtilis
Q9LF46,47.63071602212024,22.0,Arabidopsis thaliana
Q9LFN6,45.76529726242414,22.0,Arabidopsis thaliana
Q9LKA5,52.55600684767679,22.0,Arabidopsis thaliana
Q9LPU8,41.93482740191676,22.0,Arabidopsis thaliana
Q9LR75,54.89176517119621,22.0,Arabidopsis thaliana
Q9LRR9,41.99386002996694,22.0,Arabidopsis thaliana
Q9LSE4,43.54853949681218,22.0,Arabidopsis thaliana
Q9LTR2,49.79711805325091,22.0,Arabidopsis thaliana
Q9LVI9,46.5274212070489,22.0,Arabidopsis thaliana
Q9LW76,42.883171389809746,22.0,Arabidopsis thaliana
Q9LX12,48.13011268951921,22.0,Arabidopsis thaliana
Q9LXX5,47.05130580655497,22.0,Arabidopsis thaliana
Q9LYN0,45.751174452138436,22.0,Arabidopsis thaliana
Q9LYU8,36.74122811808129,22.0,Arabidopsis thaliana
Q9LZ98,41.69629998891063,22.0,Arabidopsis thaliana
Q9M0A7,44.357888058307005,22.0,Arabidopsis thaliana
Q9M2E2,48.880510122211845,22.0,Arabidopsis thaliana
Q9M8M7,47.51452262205565,22.0,Arabidopsis thaliana
Q9MA79,52.61553245543054,22.0,Arabidopsis thaliana
Q9N3Z3,42.333938029078666,20.0,Caenorhabditis elegans
Q9N4E9,42.22250572650957,20.0,Caenorhabditis elegans
Q9N4I5,53.11357165544965,20.0,Caenorhabditis elegans
Q9N4Z7,42.0787878200513,20.0,Caenorhabditis elegans
Q9N5K2,41.405479298237154,20.0,Caenorhabditis elegans
Q9NAK4,42.07542606102541,20.0,Caenorhabditis elegans
Q9NES8,44.2775394960123,20.0,Caenorhabditis elegans
Q9NFP5,46.35752733755833,25.0,Drosophila melanogaster
Q9QXV1,51.02518095188564,37.0,Mus musculus
Q9QZC8,47.03202711312459,37.0,Mus musculus
Q9S714,42.66421129293586,22.0,Arabidopsis thaliana
Q9S757,55.90130583202012,22.0,Arabidopsis thaliana
Q9S7D8,39.446383380584905,22.0,Arabidopsis thaliana
Q9S9P8,51.74499722807399,22.0,Arabidopsis thaliana
Q9SCX9,44.75826661477209,22.0,Arabidopsis thaliana
Q9SFU1,35.472279722023615,22.0,Arabidopsis thaliana
Q9SHR7,39.05600318843415,22.0,Arabidopsis thaliana
Q9SI61,49.977385804384156,22.0,Arabidopsis thaliana
Q9SJU4,50.71578023508681,22.0,Arabidopsis thaliana
Q9SJV5,37.51555123021406,22.0,Arabidopsis thaliana
Q9SK66,40.65162698455226,22.0,Arabidopsis thaliana
Q9SKZ1,50.33686529958273,22.0,Arabidopsis thaliana
Q9SRH5,41.600264384672045,22.0,Arabidopsis thaliana
Q9SUI4,39.81115848177984,22.0,Arabidopsis thaliana
Q9SVU5,41.30264613221682,22.0,Arabidopsis thaliana
Q9SYD8,43.47582653543323,22.0,Arabidopsis thaliana
Q9SZA3,52.22813048448667,22.0,Arabidopsis thaliana
Q9T0K7,50.17024239227814,22.0,Arabidopsis thaliana
Q9TVQ5,41.483524602177845,25.0,Drosophila melanogaster
Q9U1Q1,38.78904415903996,20.0,Caenorhabditis elegans
Q9U1Q2,40.77202159389406,20.0,Caenorhabditis elegans
Q9U3Z7,48.478317270052074,25.0,Drosophila melanogaster
Q9U4F3,40.1990078638054,25.0,Drosophila melanogaster
Q9U6L5,43.220606396845554,25.0,Drosophila melanogaster
Q9UGY1,45.73934431551344,37.0,Homo sapiens
Q9UJJ7,43.324931743792085,37.0,Homo sapiens
Q9V3A6,43.828933139649635,25.0,Drosophila melanogaster
Q9V3D2,48.020772124297245,25.0,Drosophila melanogaster
Q9V3G3,43.15433978179755,25.0,Drosophila melanogaster
Q9V3Z2,39.20368445036381,25.0,Drosophila melanogaster
Q9V447,38.074027085247295,25.0,Drosophila melanogaster
Q9VAN6,46.03694590415127,25.0,Drosophila melanogaster
Q9VC57,38.56915370959172,25.0,Drosophila melanogaster
Q9VC99,41.04418510674419,25.0,Drosophila melanogaster
Q9VDD9,44.86049668001553,25.0,Drosophila melanogaster
Q9VEG9,39.022366563005384,25.0,Drosophila melanogaster
Q9VEP1,39.09365724731877,25.0,Drosophila melanogaster
Q9VG76,52.514066787423815,25.0,Drosophila melanogaster
Q9VH07,46.422724320697895,25.0,Drosophila melanogaster
Q9VHB6,40.68186235923724,25.0,Drosophila melanogaster
Q9VHV5,39.427887203866725,25.0,Drosophila melanogaster
Q9VHY5,50.947984056364014,25.0,Drosophila melanogaster
Q9VI10,48.314598549222175,25.0,Drosophila melanogaster
Q9VJQ5,52.00920901429651,25.0,Drosophila melanogaster
Q9VK68,45.58157666570726,25.0,Drosophila melanogaster
Q9VN95,43.176277781029846,25.0,Drosophila melanogaster
Q9VQC4,41.517831293871275,25.0,Drosophila melanogaster
Q9VQF9,43.13720707463171,25.0,Drosophila melanogaster
Q9VQN8,40.16900584044498,25.0,Drosophila melanogaster
Q9VTC4,44.63428343511031,25.0,Drosophila melanogaster
Q9VTF9,47.18102354250708,25.0,Drosophila melanogaster
Q9VU65,47.35223717618912,25.0,Drosophila melanogaster
Q9VU84,45.71304290401289,25.0,Drosophila melanogaster
Q9VVU5,38.17203569759893,25.0,Drosophila melanogaster
Q9VX25,44.172504443324755,25.0,Drosophila melanogaster
Q9VXK0,36.53238288261004,25.0,Drosophila melanogaster
Q9VZ64,46.07090701738812,25.0,Drosophila melanogaster
Q9W1W9,44.36056827415576,25.0,Drosophila melanogaster
Q9WU81,49.69603533500306,37.0,Mus musculus
Q9WV55,52.23627080868859,37.0,Mus musculus
Q9XTY7,42.883445266832176,20.0,Caenorhabditis elegans
Q9XUE6,43.231245784621514,20.0,Caenorhabditis elegans
Q9XVD6,43.28105036060431,20.0,Caenorhabditis elegans
Q9XWC9,38.41876275735193,20.0,Caenorhabditis elegans
Q9XWJ9,39.76964644641301,20.0,Caenorhabditis elegans
Q9XWM5,36.9292802284942,20.0,Caenorhabditis elegans
Q9XZI6,46.82946300304746,20.0,Caenorhabditis elegans
Q9Y091,52.84286307650246,25.0,Drosophila melanogaster
Q9Y247,51.237723139361506,37.0,Homo sapiens
Q9Y3A0,49.868723514841726,37.0,Homo sapiens
Q9Y3A2,50.85477733144402,37.0,Homo sapiens
Q9Y5J7,57.47740396930026,37.0,Homo sapiens
Q9Z199,50.20187811106754,37.0,Mus musculus
Q9ZSA2,39.864882141902285,22.0,Arabidopsis thaliana
Q9ZUC2,48.132472182189495,22.0,Arabidopsis thaliana
Q9ZVL6,46.007313365719526,22.0,Arabidopsis thaliana
Q9ZW15,47.38308863158849,22.0,Arabidopsis thaliana
R4YJD5,41.02061007675764,3.0,Oleispira antarctica
R4YJN1,37.33129406162895,3.0,Oleispira antarctica
R4YJS8,42.566121305979344,3.0,Oleispira antarctica
R4YKA7,41.16542981908068,3.0,Oleispira antarctica
R4YKD8,40.21797642735475,3.0,Oleispira antarctica
R4YKN0,41.02540917916525,3.0,Oleispira antarctica
R4YKT7,40.207134452477455,3.0,Oleispira antarctica
R4YKY2,37.91527450556823,3.0,Oleispira antarctica
R4YLA9,45.47414814092004,3.0,Oleispira antarctica
R4YLD2,47.459984783014875,3.0,Oleispira antarctica
R4YLG6,44.30344504781969,3.0,Oleispira antarctica
R4YM51,45.04082579552403,3.0,Oleispira antarctica
R4YM63,52.474118035962896,3.0,Oleispira antarctica
R4YM77,42.12650651541741,3.0,Oleispira antarctica
R4YMB9,49.40394985737463,3.0,Oleispira antarctica
R4YMF0,40.304898758690605,3.0,Oleispira antarctica
R4YMI6,41.29041645308457,3.0,Oleispira antarctica
R4YMJ1,38.78194739240954,3.0,Oleispira antarctica
R4YMR8,41.954503195506746,3.0,Oleispira antarctica
R4YMT4,45.771918199305716,3.0,Oleispira antarctica
R4YMX1,40.54744588151527,3.0,Oleispira antarctica
R4YMZ2,42.43321917307352,3.0,Oleispira antarctica
R4YN06,41.691555342240434,3.0,Oleispira antarctica
R4YNP6,41.593957701484854,3.0,Oleispira antarctica
R4YNW4,40.714513630411524,3.0,Oleispira antarctica
R4YP81,39.141260447919436,3.0,Oleispira antarctica
R4YPM4,48.2007353754422,3.0,Oleispira antarctica
R4YPP2,45.80776872645108,3.0,Oleispira antarctica
R4YPV5,41.095441151260175,3.0,Oleispira antarctica
R4YQ22,44.9061971689705,3.0,Oleispira antarctica
R4YQ23,45.96930542647767,3.0,Oleispira antarctica
R4YQ27,44.9792304071558,3.0,Oleispira antarctica
R4YQ33,51.12881471414117,3.0,Oleispira antarctica
R4YQ51,37.22279736503852,3.0,Oleispira antarctica
R4YQG7,40.67240259496706,3.0,Oleispira antarctica
R4YR13,40.498997319415665,3.0,Oleispira antarctica
R4YR21,40.2581617034311,3.0,Oleispira antarctica
R4YR85,42.204108617644934,3.0,Oleispira antarctica
R4YRB4,40.37688606998022,3.0,Oleispira antarctica
R4YRG2,37.54634866800154,3.0,Oleispira antarctica
R4YRT4,47.35340816415431,3.0,Oleispira antarctica
R4YS30,49.49211228744907,3.0,Oleispira antarctica
R4YS75,40.448287330677616,3.0,Oleispira antarctica
R4YS86,40.42562682231579,3.0,Oleispira antarctica
R4YS99,39.15809571817163,3.0,Oleispira antarctica
R4YSA8,39.107249825044406,3.0,Oleispira antarctica
R4YSN4,45.006439996267794,3.0,Oleispira antarctica
R4YSZ0,38.556192656815526,3.0,Oleispira antarctica
R4YT32,34.67664445992191,3.0,Oleispira antarctica
R4YT44,41.103688343411655,3.0,Oleispira antarctica
R4YTG4,40.32410558575123,3.0,Oleispira antarctica
R4YTI0,39.929803273131405,3.0,Oleispira antarctica
R4YTK7,46.91656939324768,3.0,Oleispira antarctica
R4YTP7,43.266824742949,3.0,Oleispira antarctica
R4YTT6,40.59000196009733,3.0,Oleispira antarctica
R4YU85,45.565042172470726,3.0,Oleispira antarctica
R4YU89,44.11726224090744,3.0,Oleispira antarctica
R4YU92,49.85097763682562,3.0,Oleispira antarctica
R4YUB1,37.570011811098475,3.0,Oleispira antarctica
R4YUE2,40.35585794863448,3.0,Oleispira antarctica
R4YUI0,42.09726213001228,3.0,Oleispira antarctica
R4YUM5,36.96789210688443,3.0,Oleispira antarctica
R4YUN3,36.32067147496155,3.0,Oleispira antarctica
R4YUZ3,41.272641177910415,3.0,Oleispira antarctica
R4YUZ5,37.651518950118735,3.0,Oleispira antarctica
S4R219,45.26939306922921,37.0,Mus musculus
S4R225,52.3435933422697,37.0,Mus musculus
S6FN32,39.81437068381372,20.0,Caenorhabditis elegans
U4PBR7,39.186800399596564,20.0,Caenorhabditis elegans
X1WHB9,56.16820627265316,28.0,Danio rerio
Z4YL87,54.9920512273696,37.0,Mus musculus
Z4YML9,53.356698003754886,37.0,Mus musculus
