A0A023T778,54.99367375656585,37.0,Mus musculus
A0A061ACH9,42.52422868499542,20.0,Caenorhabditis elegans
A0A061ACM7,45.649390617061385,20.0,Caenorhabditis elegans
A0A087WRJ2,51.6316066685461,37.0,Mus musculus
A0A087WRW6,51.83953678371471,37.0,Mus musculus
A0A0A0MQM6,49.32845214915578,37.0,Mus musculus
A0A0B4J1G0,52.500982547922014,37.0,Mus musculus
A0A0G2JDF7,40.89143554304044,37.0,Mus musculus
A0A0G2JEG3,46.82464260461655,37.0,Mus musculus
A0A0G2JFF9,50.261879819614606,37.0,Mus musculus
A0A0G2JGD2,55.25025537409785,37.0,Mus musculus
A0A0J9YTR2,48.75538555980977,37.0,Mus musculus
A0A0J9YU93,53.6040239998631,37.0,Mus musculus
A0A0J9YUN2,51.87231902940063,37.0,Mus musculus
A0A0J9YUZ4,52.617339395530074,37.0,Mus musculus
A0A0K3ASN8,36.56589097722698,20.0,Caenorhabditis elegans
A0A0M7RE93,39.44506417781511,20.0,Caenorhabditis elegans
A0A0N4SW71,47.418812759905165,37.0,Mus musculus
A0A0R4IZW9,47.89263324382572,37.0,Mus musculus
A0A0R4J023,53.357124259201065,37.0,Mus musculus
A0A0R4J027,52.26076305260646,37.0,Mus musculus
A0A0R4J0B4,49.93872975473116,37.0,Mus musculus
A0A0R4J0H5,53.06323070225814,37.0,Mus musculus
A0A0R4J0T5,47.6312920847369,37.0,Mus musculus
A0A0R4J100,53.533046116020536,37.0,Mus musculus
A0A0R4J195,50.72466945153505,37.0,Mus musculus
A0A0R4J1G9,46.83127250120826,37.0,Mus musculus
A0A0R4J1N2,47.307979228805586,37.0,Mus musculus
A0A0R4J259,53.08715249315993,37.0,Mus musculus
A0A0R4J2B5,47.507919951699904,37.0,Mus musculus
A0A0U1RQ37,51.245696661875,37.0,Mus musculus
A0A140LHA2,50.2112722183711,37.0,Mus musculus
A0A171KXD3,49.410418535454546,37.0,Mus musculus
A0MNP4,50.68623257657239,37.0,Mus musculus
A1A708,45.98344299553033,25.0,Drosophila melanogaster
A2A464,57.83297877134593,37.0,Mus musculus
A2A9F7,50.542156147665914,37.0,Mus musculus
A2AE15,52.62532002129593,37.0,Mus musculus
A2AJH3,47.5362422700923,37.0,Mus musculus
A2AQ17,48.532789146629504,37.0,Mus musculus
A2AQV2,49.01227425046283,37.0,Mus musculus
A2AQY8,51.46588332805861,37.0,Mus musculus
A2ARQ2,48.682621819463506,37.0,Mus musculus
A2ATP5,47.56262083329016,37.0,Mus musculus
A2AVQ9,45.73915919810785,37.0,Mus musculus
A2AWN8,44.1491530983224,37.0,Mus musculus
A2BI12,51.848154028057266,37.0,Mus musculus
A4UVL1,40.04613199023163,20.0,Caenorhabditis elegans
A6NIK2,51.238837033246476,37.0,Homo sapiens
A8MW95,52.96275856879995,37.0,Homo sapiens
A8MXB7,48.469725836741226,37.0,Homo sapiens
A8WHT1,38.96349130149909,20.0,Caenorhabditis elegans
A8Y5T6,51.21078599308876,37.0,Mus musculus
A9Z1J6,41.940918498562375,20.0,Caenorhabditis elegans
B0R058,47.26287141467151,37.0,Mus musculus
B1AQD3,46.66674605510382,37.0,Mus musculus
B2KF54,48.3802018018824,37.0,Mus musculus
B2M1R6,50.78654824472024,37.0,Mus musculus
B2RS30,51.86184620416927,37.0,Mus musculus
B2RSR2,46.98705245250359,37.0,Mus musculus
B2RT77,48.800570089571174,37.0,Mus musculus
B3GWB3,45.98390851183976,20.0,Caenorhabditis elegans
B6VQ73,42.74630827237554,20.0,Caenorhabditis elegans
B7Z6V9,45.150275653294415,37.0,Homo sapiens
B7Z7Q6,54.6450452484361,37.0,Homo sapiens
B7ZMP1,51.01032256936059,37.0,Mus musculus
B8JKK2,57.2845371898174,37.0,Mus musculus
B9EHY2,53.40063024050498,37.0,Mus musculus
B9EID1,50.42075288071374,37.0,Mus musculus
B9EKL6,50.77659836719528,37.0,Mus musculus
C0P278,46.77645693101489,20.0,Caenorhabditis elegans
C6KRK8,48.39128751752823,20.0,Caenorhabditis elegans
C9J660,48.373120632489204,37.0,Homo sapiens
D3YTQ9,49.79630636980283,37.0,Mus musculus
D3YZ57,46.49898134637269,37.0,Mus musculus
D3Z3X2,50.81542799083632,37.0,Mus musculus
D3Z7Q2,53.45565586513734,37.0,Mus musculus
D6REU0,48.61920594900863,37.0,Mus musculus
D6RIB6,48.89922731816606,37.0,Homo sapiens
E0CY16,50.78528413432487,37.0,Mus musculus
E7F948,47.53964681481354,28.0,Danio rerio
E9P8A3,38.03344664342935,20.0,Caenorhabditis elegans
E9PQZ1,49.96735353526163,37.0,Homo sapiens
E9PVN6,50.81687585902588,37.0,Mus musculus
E9Q179,46.93738780657199,37.0,Mus musculus
E9Q284,50.02962603880194,37.0,Mus musculus
E9Q6Z3,53.10689372421763,37.0,Mus musculus
E9Q7W0,53.97618206245572,37.0,Mus musculus
E9QA46,45.058430197912756,37.0,Mus musculus
E9QG37,50.766993425452135,28.0,Danio rerio
E9QKG2,46.039429585347676,37.0,Mus musculus
E9QMV2,50.25933184933021,37.0,Mus musculus
F2Z2L5,58.950572036499295,37.0,Homo sapiens
F2Z3H2,50.842245838386916,37.0,Homo sapiens
F4I907,39.98610384071767,22.0,Arabidopsis thaliana
G1K0W1,43.09706358473136,20.0,Caenorhabditis elegans
G3UX84,50.64046602384475,37.0,Mus musculus
G3UYS3,46.00564529542472,37.0,Mus musculus
G3V4Z4,45.8686252211656,37.0,Homo sapiens
G3XAN8,54.231139636283665,37.0,Homo sapiens
G4SNB8,43.892618575834724,20.0,Caenorhabditis elegans
G5EBU2,41.28994881257615,20.0,Caenorhabditis elegans
G5EC13,45.81558276692899,20.0,Caenorhabditis elegans
G5ED31,34.03004858655797,20.0,Caenorhabditis elegans
G5EDB7,43.907337463162044,20.0,Caenorhabditis elegans
G5EE64,40.0335894525606,20.0,Caenorhabditis elegans
G5EF58,35.80166794654691,20.0,Caenorhabditis elegans
G5EF99,38.38886226923963,20.0,Caenorhabditis elegans
G5EFC8,39.49479914954875,20.0,Caenorhabditis elegans
G5EFK4,44.380700504494094,20.0,Caenorhabditis elegans
G5EG26,36.55663081738909,20.0,Caenorhabditis elegans
G5EGL2,38.23609881201308,20.0,Caenorhabditis elegans
H2KYQ8,47.381030173001356,20.0,Caenorhabditis elegans
H2KZ57,41.13615105261407,20.0,Caenorhabditis elegans
H2L037,44.18679043916205,20.0,Caenorhabditis elegans
H2L0R7,38.867078494778255,20.0,Caenorhabditis elegans
H3BJ37,40.043986242342235,37.0,Mus musculus
H3BKH6,49.708929231190936,37.0,Mus musculus
H7BWZ1,52.85464622288814,37.0,Mus musculus
H7BXB9,48.924778822463544,37.0,Mus musculus
I3L3V0,54.19290345223747,37.0,Homo sapiens
I3L4J6,54.552430407785984,37.0,Homo sapiens
I7F493,41.075313704262115,20.0,Caenorhabditis elegans
I7FN77,37.20767608912789,20.0,Caenorhabditis elegans
J3QMX0,51.55642941499582,37.0,Mus musculus
K7ELG8,51.871482208266706,37.0,Homo sapiens
K7ER80,51.0638538465925,37.0,Homo sapiens
K7N5X2,47.57313630214764,37.0,Mus musculus
N1NSH4,39.77700625040445,20.0,Caenorhabditis elegans
O01584,45.6631468241332,20.0,Caenorhabditis elegans
O02042,36.76043399698145,20.0,Caenorhabditis elegans
O02089,38.19033581988023,20.0,Caenorhabditis elegans
O02238,38.269225066847234,20.0,Caenorhabditis elegans
O02323,47.10080956651725,20.0,Caenorhabditis elegans
O04311,50.97309439439274,22.0,Arabidopsis thaliana
O04663,46.388227081271836,22.0,Arabidopsis thaliana
O05250,43.2344963556519,37.0,Bacillus subtilis
O05251,45.42149826058442,37.0,Bacillus subtilis
O05263,47.76152893334894,37.0,Bacillus subtilis
O05267,42.410955653061336,37.0,Bacillus subtilis
O07006,51.506515570999326,37.0,Bacillus subtilis
O07009,40.07453621424079,37.0,Bacillus subtilis
O07081,46.540090210835906,37.0,Bacillus subtilis
O07617,48.77625337015686,37.0,Bacillus subtilis
O08691,48.91647694030418,37.0,Mus musculus
O08797,50.4880092429793,37.0,Mus musculus
O13297,49.70051633812824,32.0,Saccharomyces cerevisiae
O16215,34.835716036277134,20.0,Caenorhabditis elegans
O16267,44.8838411322385,20.0,Caenorhabditis elegans
O16309,41.673429891915085,20.0,Caenorhabditis elegans
O16368,37.30506541383612,20.0,Caenorhabditis elegans
O16481,34.91395374906621,20.0,Caenorhabditis elegans
O16660,40.06230969636839,20.0,Caenorhabditis elegans
O17004,39.0211398189868,20.0,Caenorhabditis elegans
O17369,40.549120172550666,20.0,Caenorhabditis elegans
O17721,39.18082439881069,20.0,Caenorhabditis elegans
O18155,41.184292351527446,20.0,Caenorhabditis elegans
O18307,37.82477312079531,20.0,Caenorhabditis elegans
O22446,44.5856681379788,22.0,Arabidopsis thaliana
O22886,52.873513519762746,22.0,Arabidopsis thaliana
O23207,46.51257875823081,22.0,Arabidopsis thaliana
O23252,48.73466360747511,22.0,Arabidopsis thaliana
O23487,45.906439934481625,22.0,Arabidopsis thaliana
O30509,42.685261214304276,37.0,Bacillus subtilis
O31443,41.615255491884284,37.0,Bacillus subtilis
O31446,42.384015779763246,37.0,Bacillus subtilis
O31612,42.2652459772132,37.0,Bacillus subtilis
O31646,46.966024787999665,37.0,Bacillus subtilis
O31650,45.03206530028744,37.0,Bacillus subtilis
O31690,41.661244284109614,37.0,Bacillus subtilis
O31703,46.20643067808792,37.0,Bacillus subtilis
O31742,47.42134143931512,37.0,Bacillus subtilis
O31749,42.18943652905706,37.0,Bacillus subtilis
O31751,42.83486128140406,37.0,Bacillus subtilis
O31764,50.93829007559911,37.0,Bacillus subtilis
O31773,41.59027795851762,37.0,Bacillus subtilis
O31986,45.105147652836784,37.0,Bacillus subtilis
O32057,41.94250113920626,37.0,Bacillus subtilis
O32162,52.28714704761544,37.0,Bacillus subtilis
O32169,40.95751282851679,37.0,Bacillus subtilis
O32175,43.48981008705505,37.0,Bacillus subtilis
O32230,45.35753017146549,37.0,Bacillus subtilis
O32254,42.55910729060421,37.0,Bacillus subtilis
O34328,46.13186992140673,37.0,Bacillus subtilis
O34353,41.1199059187804,37.0,Bacillus subtilis
O34354,45.140312784656345,37.0,Bacillus subtilis
O34440,39.495958835208775,37.0,Bacillus subtilis
O34453,45.77798159199134,37.0,Bacillus subtilis
O34496,46.35141773998159,37.0,Bacillus subtilis
O34513,44.05455535465322,37.0,Bacillus subtilis
O34522,46.29862211414664,37.0,Bacillus subtilis
O34614,45.05074777926746,37.0,Bacillus subtilis
O34640,39.58469914432619,37.0,Bacillus subtilis
O34673,42.99274483620454,37.0,Bacillus subtilis
O34762,57.918728219616675,37.0,Bacillus subtilis
O34768,51.92268870998202,37.0,Bacillus subtilis
O34788,46.1333590275209,37.0,Bacillus subtilis
O34809,47.344585198499765,37.0,Bacillus subtilis
O34812,40.44141521847011,37.0,Bacillus subtilis
O34842,45.47231222045316,37.0,Bacillus subtilis
O34858,51.206723013391205,37.0,Bacillus subtilis
O34885,44.75862043623795,37.0,Bacillus subtilis
O34897,56.182688085492465,37.0,Bacillus subtilis
O34910,42.5206875913852,37.0,Bacillus subtilis
O34962,41.30677256154029,37.0,Bacillus subtilis
O35024,37.52817496702447,37.0,Bacillus subtilis
O35025,46.54791592625281,37.0,Bacillus subtilis
O35495,50.12830077785617,37.0,Mus musculus
O35942,49.4372912375436,37.0,Mus musculus
O44871,43.53846147968192,20.0,Caenorhabditis elegans
O45078,41.00695903779472,20.0,Caenorhabditis elegans
O45367,43.598777967278004,20.0,Caenorhabditis elegans
O45458,35.066244133269784,20.0,Caenorhabditis elegans
O45502,41.484906470438716,20.0,Caenorhabditis elegans
O45686,38.974284533325026,20.0,Caenorhabditis elegans
O45707,41.944559433677725,20.0,Caenorhabditis elegans
O45734,42.64448049370397,20.0,Caenorhabditis elegans
O45933,42.753233265805434,20.0,Caenorhabditis elegans
O46098,39.97984056245933,25.0,Drosophila melanogaster
O48529,45.49473185808504,22.0,Arabidopsis thaliana
O50039,53.13517266821198,22.0,Arabidopsis thaliana
O54941,51.39451409403852,37.0,Mus musculus
O60200,55.198994510454284,32.0,Saccharomyces cerevisiae
O61305,37.93903766988855,25.0,Drosophila melanogaster
O61741,48.18116774219951,20.0,Caenorhabditis elegans
O62336,37.6716226958644,20.0,Caenorhabditis elegans
O64640,45.78653763750486,22.0,Arabidopsis thaliana
O64700,40.08871390571805,22.0,Arabidopsis thaliana
O65782,35.79310343531791,22.0,Arabidopsis thaliana
O70456,53.237198492188725,37.0,Mus musculus
O75462,52.94772583807391,37.0,Homo sapiens
O76258,38.80524233651514,20.0,Caenorhabditis elegans
O77237,40.04944737893807,25.0,Drosophila melanogaster
O77277,39.167521977136495,25.0,Drosophila melanogaster
O80642,49.89579123744935,22.0,Arabidopsis thaliana
O81845,36.286654362252875,22.0,Arabidopsis thaliana
O82734,48.66156947255462,22.0,Arabidopsis thaliana
O88597,49.318844069712846,37.0,Mus musculus
O88696,54.538383727981675,37.0,Mus musculus
O88736,44.020118296971916,37.0,Mus musculus
O95661,58.059853463156,37.0,Homo sapiens
P00359,55.85227104916114,32.0,Saccharomyces cerevisiae
P00528,37.987333627622064,25.0,Drosophila melanogaster
P00572,50.374030360634826,32.0,Saccharomyces cerevisiae
P00724,50.363493987382206,32.0,Saccharomyces cerevisiae
P00860,49.680033952758166,37.0,Mus musculus
P00904,47.51188707949235,37.0,Escherichia coli
P01902,53.854651235748605,37.0,Mus musculus
P01921,56.11415677261234,37.0,Mus musculus
P03007,49.75517803951802,37.0,Escherichia coli
P03975,50.9793359582575,37.0,Mus musculus
P04076,52.301914670395995,32.0,Saccharomyces cerevisiae
P05041,45.48555847906023,37.0,Escherichia coli
P05150,52.710842092892406,32.0,Saccharomyces cerevisiae
P05466,43.778848519573266,22.0,Arabidopsis thaliana
P05649,43.5689366537875,37.0,Bacillus subtilis
P05737,41.405880396088065,32.0,Saccharomyces cerevisiae
P05738,41.83803940306106,32.0,Saccharomyces cerevisiae
P05747,42.39788191407573,32.0,Saccharomyces cerevisiae
P06101,54.061902809606735,32.0,Saccharomyces cerevisiae
P06168,45.64485374066541,32.0,Saccharomyces cerevisiae
P06244,48.553772284212926,32.0,Saccharomyces cerevisiae
P06534,49.48542736369716,37.0,Bacillus subtilis
P06629,41.03790077906531,37.0,Bacillus subtilis
P06776,49.744477221499615,32.0,Saccharomyces cerevisiae
P07269,46.93219497738573,32.0,Saccharomyces cerevisiae
P08417,50.09211373033599,32.0,Saccharomyces cerevisiae
P08495,41.70838489855263,37.0,Bacillus subtilis
P08761,42.793464284132384,25.0,Drosophila melanogaster
P0A6K3,57.86599918273965,37.0,Escherichia coli
P0A8C1,49.63001410620424,37.0,Escherichia coli
P0A901,52.539888326860776,37.0,Escherichia coli
P0A951,40.746730450717266,37.0,Escherichia coli
P0AAA1,47.45854515520643,37.0,Escherichia coli
P0AAB4,47.680679138296306,37.0,Escherichia coli
P0AAD2,45.76767756320895,37.0,Escherichia coli
P0ABK2,56.49329057012758,37.0,Escherichia coli
P0ABP3,46.637281758369994,37.0,Escherichia coli
P0ACT6,45.88062780507151,37.0,Escherichia coli
P0ADP2,60.77519009642564,37.0,Escherichia coli
P0AE26,56.77850693690714,37.0,Escherichia coli
P0AEC0,47.252446742854765,37.0,Escherichia coli
P0AEY3,47.40999820623091,37.0,Escherichia coli
P0AF12,54.65250239515105,37.0,Escherichia coli
P0AFK4,44.13993637482177,37.0,Escherichia coli
P0AFP6,41.63954817842062,37.0,Escherichia coli
P0AG03,55.65676883876774,37.0,Escherichia coli
P0C2H9,43.58134225456183,32.0,Saccharomyces cerevisiae
P0C671,49.53343233840114,37.0,Homo sapiens
P0CX46,41.89697990089759,32.0,Saccharomyces cerevisiae
P0CX50,41.87787013943794,32.0,Saccharomyces cerevisiae
P10622,57.40370798924024,32.0,Saccharomyces cerevisiae
P10907,57.93317597829411,37.0,Escherichia coli
P11416,45.40520253746232,37.0,Mus musculus
P11511,54.87749824888208,37.0,Homo sapiens
P11574,48.352326972521674,22.0,Arabidopsis thaliana
P11836,52.82299909650486,37.0,Homo sapiens
P12043,41.87475122113988,37.0,Bacillus subtilis
P12045,42.92969426214459,37.0,Bacillus subtilis
P12047,53.8215280122704,37.0,Bacillus subtilis
P12456,50.11078806192709,20.0,Caenorhabditis elegans
P12611,44.18788554944874,32.0,Saccharomyces cerevisiae
P13483,47.864470520312956,32.0,Saccharomyces cerevisiae
P13631,46.91172626706912,37.0,Homo sapiens
P14003,44.25209386559726,25.0,Drosophila melanogaster
P14065,52.11417544645428,32.0,Saccharomyces cerevisiae
P14205,49.50569924827666,37.0,Bacillus subtilis
P14843,43.73228315439138,32.0,Saccharomyces cerevisiae
P15007,46.32980734011557,25.0,Drosophila melanogaster
P15454,49.336906607514884,32.0,Saccharomyces cerevisiae
P16618,45.34173200746869,37.0,Bacillus subtilis
P16911,34.23043180966298,25.0,Drosophila melanogaster
P17649,48.150658782556334,32.0,Saccharomyces cerevisiae
P17789,46.145039603180855,25.0,Drosophila melanogaster
P18334,41.261790688308636,20.0,Caenorhabditis elegans
P19080,54.19278847643076,37.0,Bacillus subtilis
P19465,42.71350317136638,37.0,Bacillus subtilis
P20084,44.91424956323195,32.0,Saccharomyces cerevisiae
P20232,46.14829879230032,25.0,Drosophila melanogaster
P20240,45.10901964104883,25.0,Drosophila melanogaster
P20434,49.574088992144844,32.0,Saccharomyces cerevisiae
P20668,42.88244845294979,37.0,Bacillus subtilis
P20964,45.04458799653318,37.0,Bacillus subtilis
P21248,47.46562511218168,37.0,Bacillus subtilis
P22146,52.434584141409566,32.0,Saccharomyces cerevisiae
P22289,51.64803263929321,32.0,Saccharomyces cerevisiae
P22353,42.47059302069506,32.0,Saccharomyces cerevisiae
P22464,47.45008652693885,25.0,Drosophila melanogaster
P22634,45.163165686269735,37.0,Escherichia coli
P23083,59.118090672363344,37.0,Homo sapiens
P23949,45.19065043953239,37.0,Mus musculus
P24228,43.83938993346853,37.0,Escherichia coli
P25157,40.06632577629916,25.0,Drosophila melanogaster
P25374,48.19516406919566,32.0,Saccharomyces cerevisiae
P25608,52.26405816469441,32.0,Saccharomyces cerevisiae
P25631,50.92179174153005,32.0,Saccharomyces cerevisiae
P25843,44.34589435199775,25.0,Drosophila melanogaster
P25864,42.36024903491343,22.0,Arabidopsis thaliana
P25993,40.979345439880284,37.0,Bacillus subtilis
P25995,49.58879410983534,37.0,Bacillus subtilis
P26308,43.15235472010611,25.0,Drosophila melanogaster
P26321,41.805375377097796,32.0,Saccharomyces cerevisiae
P27614,51.855590305433985,32.0,Saccharomyces cerevisiae
P27639,42.56980399394787,20.0,Caenorhabditis elegans
P28186,40.1393723445646,22.0,Arabidopsis thaliana
P28819,45.059167767584455,37.0,Bacillus subtilis
P29478,47.769118523318696,32.0,Saccharomyces cerevisiae
P30184,53.91036528714995,22.0,Arabidopsis thaliana
P30605,45.987590614992634,32.0,Saccharomyces cerevisiae
P30646,33.948932432154955,20.0,Caenorhabditis elegans
P30681,53.933761042021416,37.0,Mus musculus
P31064,43.56512834307799,37.0,Escherichia coli
P31324,46.390053536435204,37.0,Mus musculus
P31409,47.516793066592165,25.0,Drosophila melanogaster
P31412,47.71338882092228,32.0,Saccharomyces cerevisiae
P32047,54.230907946977766,32.0,Saccharomyces cerevisiae
P32396,48.20696251760639,37.0,Bacillus subtilis
P32461,49.39750349509806,32.0,Saccharomyces cerevisiae
P32481,50.59117421788953,32.0,Saccharomyces cerevisiae
P32523,47.14047293414947,32.0,Saccharomyces cerevisiae
P32598,47.81349217950554,32.0,Saccharomyces cerevisiae
P32748,38.5313656482404,25.0,Drosophila melanogaster
P32771,52.6162497362413,32.0,Saccharomyces cerevisiae
P32867,52.093025828158716,32.0,Saccharomyces cerevisiae
P33207,52.716737875621774,22.0,Arabidopsis thaliana
P33313,45.20088191683858,32.0,Saccharomyces cerevisiae
P33401,52.84309423261219,32.0,Saccharomyces cerevisiae
P33441,48.732411404294126,32.0,Saccharomyces cerevisiae
P33690,45.1411396812656,37.0,Bacillus subtilis
P33750,53.47944419628396,32.0,Saccharomyces cerevisiae
P34078,54.72603797255163,32.0,Saccharomyces cerevisiae
P34220,50.76099756579774,32.0,Saccharomyces cerevisiae
P34264,42.35716012493171,20.0,Caenorhabditis elegans
P34280,34.670437508441324,20.0,Caenorhabditis elegans
P34313,39.91787774515775,20.0,Caenorhabditis elegans
P34429,33.95425115795255,20.0,Caenorhabditis elegans
P34471,37.519853209794405,20.0,Caenorhabditis elegans
P35155,47.84042899554889,37.0,Bacillus subtilis
P35179,42.48448914538449,32.0,Saccharomyces cerevisiae
P35279,45.823704194328414,37.0,Mus musculus
P35700,52.65514190166277,37.0,Mus musculus
P35842,55.36002563360361,32.0,Saccharomyces cerevisiae
P36059,53.43207748961107,32.0,Saccharomyces cerevisiae
P36169,54.989889832865046,32.0,Saccharomyces cerevisiae
P36879,52.97168100603064,37.0,Escherichia coli
P36945,46.72071130031844,37.0,Bacillus subtilis
P36958,48.668695229498255,25.0,Drosophila melanogaster
P37025,51.289666367623255,37.0,Escherichia coli
P37195,44.12838668170222,37.0,Escherichia coli
P37469,42.81452470293197,37.0,Bacillus subtilis
P37525,47.67615138519264,37.0,Bacillus subtilis
P37537,43.11343615569236,37.0,Bacillus subtilis
P37543,42.41431484957878,37.0,Bacillus subtilis
P37566,43.31739915403779,37.0,Bacillus subtilis
P37572,44.45763964334905,37.0,Bacillus subtilis
P37580,48.00425730717845,37.0,Bacillus subtilis
P37642,53.02908602535647,37.0,Escherichia coli
P37869,40.882207269557924,37.0,Bacillus subtilis
P37876,41.89165550463148,37.0,Bacillus subtilis
P37940,46.79614478095949,37.0,Bacillus subtilis
P37966,46.568534437491486,37.0,Bacillus subtilis
P38115,52.311313715166044,32.0,Saccharomyces cerevisiae
P38153,47.820482772311685,32.0,Saccharomyces cerevisiae
P38199,48.52790131864732,32.0,Saccharomyces cerevisiae
P38238,51.20108685057188,32.0,Saccharomyces cerevisiae
P38293,53.68927886783083,32.0,Saccharomyces cerevisiae
P38351,51.94105912860275,32.0,Saccharomyces cerevisiae
P38491,43.065832216206516,37.0,Bacillus subtilis
P38493,45.70238791976991,37.0,Bacillus subtilis
P38666,49.49221095479332,22.0,Arabidopsis thaliana
P38754,42.131320727340174,32.0,Saccharomyces cerevisiae
P38768,50.8086698528843,32.0,Saccharomyces cerevisiae
P38796,51.804432291968624,32.0,Saccharomyces cerevisiae
P39070,43.6603298494198,37.0,Bacillus subtilis
P39076,49.579792217660966,32.0,Saccharomyces cerevisiae
P39137,35.322839320764764,37.0,Bacillus subtilis
P39577,43.31469086513017,37.0,Bacillus subtilis
P39705,55.73731814873509,32.0,Saccharomyces cerevisiae
P39721,55.300622734570055,32.0,Saccharomyces cerevisiae
P39724,53.14662082598031,32.0,Saccharomyces cerevisiae
P39765,41.64379565188747,37.0,Bacillus subtilis
P39976,52.77315008713032,32.0,Saccharomyces cerevisiae
P40070,52.77174737925937,32.0,Saccharomyces cerevisiae
P40089,50.61859002662955,32.0,Saccharomyces cerevisiae
P40093,52.29751803003381,32.0,Saccharomyces cerevisiae
P40124,51.43752454989679,37.0,Mus musculus
P40160,42.9834426231184,32.0,Saccharomyces cerevisiae
P40347,48.781752948830025,32.0,Saccharomyces cerevisiae
P40409,47.174859899009235,37.0,Bacillus subtilis
P40531,48.31386505074837,32.0,Saccharomyces cerevisiae
P40579,51.48009548556317,32.0,Saccharomyces cerevisiae
P40793,42.922601093253135,25.0,Drosophila melanogaster
P40946,37.762480732548376,25.0,Drosophila melanogaster
P41805,41.66116732282492,32.0,Saccharomyces cerevisiae
P41896,48.51235513184103,32.0,Saccharomyces cerevisiae
P41911,45.106361796052376,32.0,Saccharomyces cerevisiae
P41949,35.914134710135116,20.0,Caenorhabditis elegans
P42068,51.40604625856901,37.0,Bacillus subtilis
P42101,46.35911626983822,37.0,Bacillus subtilis
P42236,47.334949962870404,37.0,Bacillus subtilis
P42238,49.73186579167555,37.0,Bacillus subtilis
P42644,48.201816223473045,22.0,Arabidopsis thaliana
P42732,40.05176708815984,22.0,Arabidopsis thaliana
P42737,53.37250293922002,22.0,Arabidopsis thaliana
P42795,36.3598899563638,22.0,Arabidopsis thaliana
P42943,47.188994337039205,32.0,Saccharomyces cerevisiae
P42954,41.49029309469969,37.0,Bacillus subtilis
P42968,43.731548237143976,37.0,Bacillus subtilis
P43292,42.01570798644492,22.0,Arabidopsis thaliana
P43509,43.54249993290495,20.0,Caenorhabditis elegans
P43569,52.06513700518091,32.0,Saccharomyces cerevisiae
P43586,43.47853896384469,32.0,Saccharomyces cerevisiae
P43589,50.570490711159856,32.0,Saccharomyces cerevisiae
P45594,47.379306925506526,25.0,Drosophila melanogaster
P45978,50.72682349051682,32.0,Saccharomyces cerevisiae
P46337,42.79325801574797,37.0,Bacillus subtilis
P46439,48.65962338071664,37.0,Homo sapiens
P46992,46.785404341855376,32.0,Saccharomyces cerevisiae
P48001,46.63920199555106,22.0,Arabidopsis thaliana
P48486,40.71389186261228,22.0,Arabidopsis thaliana
P48510,55.9461076333217,32.0,Saccharomyces cerevisiae
P48570,52.91399005760646,32.0,Saccharomyces cerevisiae
P48598,40.62065473340848,25.0,Drosophila melanogaster
P48601,38.44655523752908,25.0,Drosophila melanogaster
P48837,51.91326909485704,32.0,Saccharomyces cerevisiae
P49626,42.12676541205999,32.0,Saccharomyces cerevisiae
P49960,45.44384517963433,32.0,Saccharomyces cerevisiae
P49967,41.01710484693063,22.0,Arabidopsis thaliana
P50171,54.223219122616776,37.0,Mus musculus
P50837,47.50722433007506,37.0,Bacillus subtilis
P51601,51.993604176054994,32.0,Saccharomyces cerevisiae
P51949,52.03918999195048,37.0,Mus musculus
P52015,41.749972850455094,20.0,Caenorhabditis elegans
P52478,38.812547951554855,20.0,Caenorhabditis elegans
P52656,43.538764016987336,25.0,Drosophila melanogaster
P53011,47.632362696436985,32.0,Saccharomyces cerevisiae
P53177,50.89939308052199,32.0,Saccharomyces cerevisiae
P53210,46.44168006149293,32.0,Saccharomyces cerevisiae
P53281,52.51371730062697,32.0,Saccharomyces cerevisiae
P53299,59.25288614683675,32.0,Saccharomyces cerevisiae
P53319,51.60723738526523,32.0,Saccharomyces cerevisiae
P53741,47.514163086586464,32.0,Saccharomyces cerevisiae
P53859,49.84869117157378,32.0,Saccharomyces cerevisiae
P53941,44.85878157024499,32.0,Saccharomyces cerevisiae
P54168,44.44034712069159,37.0,Bacillus subtilis
P54376,52.10328490773529,37.0,Bacillus subtilis
P54378,42.78045927327207,37.0,Bacillus subtilis
P54419,44.098855862830106,37.0,Bacillus subtilis
P54465,44.17655480867975,37.0,Bacillus subtilis
P54497,45.5714272913462,37.0,Bacillus subtilis
P54565,41.64035849959622,37.0,Bacillus subtilis
P54955,47.29038854162546,37.0,Bacillus subtilis
P55217,47.97007673752614,22.0,Arabidopsis thaliana
P55341,42.2455086450625,37.0,Bacillus subtilis
P55872,38.16867532374096,37.0,Bacillus subtilis
P56579,50.247244385494895,37.0,Escherichia coli
P56756,46.888013824573996,22.0,Arabidopsis thaliana
P56759,44.0917430390784,22.0,Arabidopsis thaliana
P57752,44.66743743216905,22.0,Arabidopsis thaliana
P58798,41.127692065555856,20.0,Caenorhabditis elegans
P60521,55.13646336429582,37.0,Mus musculus
P62090,47.206498345191314,22.0,Arabidopsis thaliana
P62340,48.640145805845506,37.0,Mus musculus
P63213,55.76559503899016,37.0,Mus musculus
P64564,55.1144817657586,37.0,Escherichia coli
P64604,56.55672226883565,37.0,Escherichia coli
P69346,58.683832750090616,37.0,Escherichia coli
P69805,58.074352254018436,37.0,Escherichia coli
P70441,53.893047871430504,37.0,Mus musculus
P71020,46.54407224041365,37.0,Bacillus subtilis
P71070,43.54832787468897,37.0,Bacillus subtilis
P71084,42.10798297187975,37.0,Bacillus subtilis
P75798,52.200494832095664,37.0,Escherichia coli
P77562,45.96598763274733,37.0,Escherichia coli
P77689,45.811079509880436,37.0,Escherichia coli
P81928,39.53721989831999,25.0,Drosophila melanogaster
P90902,40.136361084398594,20.0,Caenorhabditis elegans
P91180,41.20343472901255,20.0,Caenorhabditis elegans
P92976,50.61524389088324,22.0,Arabidopsis thaliana
P93303,37.49588064445922,22.0,Arabidopsis thaliana
P94392,36.621905330510735,37.0,Bacillus subtilis
P94528,46.584079895141166,37.0,Bacillus subtilis
P94573,48.58993342539259,37.0,Bacillus subtilis
P96499,40.21308742599499,37.0,Bacillus subtilis
P96619,51.04656840711884,37.0,Bacillus subtilis
P96723,49.878339249264556,37.0,Bacillus subtilis
P97355,48.02311582873437,37.0,Mus musculus
P97770,48.381147214365384,37.0,Mus musculus
P97823,50.4939001683348,37.0,Mus musculus
Q00609,59.23110400989287,37.0,Mus musculus
Q00941,52.30734052153208,37.0,Mus musculus
Q01519,56.609392574730784,32.0,Saccharomyces cerevisiae
Q01620,48.09627039163396,37.0,Bacillus subtilis
Q01852,45.32383449145233,32.0,Saccharomyces cerevisiae
Q02166,40.8386842240746,22.0,Arabidopsis thaliana
Q02326,42.52722732835279,32.0,Saccharomyces cerevisiae
Q02748,42.763726048547625,25.0,Drosophila melanogaster
Q02821,47.679548869829844,32.0,Saccharomyces cerevisiae
Q02887,48.94078326315934,32.0,Saccharomyces cerevisiae
Q02933,48.3010054689938,32.0,Saccharomyces cerevisiae
Q02971,40.755513291437296,22.0,Arabidopsis thaliana
Q03222,40.967624938575305,37.0,Bacillus subtilis
Q03266,51.18429816640807,32.0,Saccharomyces cerevisiae
Q03523,44.00925197245549,37.0,Bacillus subtilis
Q03558,49.94742346228921,32.0,Saccharomyces cerevisiae
Q03615,41.03323425990246,20.0,Caenorhabditis elegans
Q03629,50.727218981701974,32.0,Saccharomyces cerevisiae
Q04031,44.222203283544964,32.0,Saccharomyces cerevisiae
Q04371,50.45732128694157,32.0,Saccharomyces cerevisiae
Q04491,50.047423924614954,32.0,Saccharomyces cerevisiae
Q05518,54.24270337347541,32.0,Saccharomyces cerevisiae
Q05636,51.55178260762804,32.0,Saccharomyces cerevisiae
Q05852,39.385731742042864,37.0,Bacillus subtilis
Q05948,49.961093227156994,32.0,Saccharomyces cerevisiae
Q06815,54.54727040322542,32.0,Saccharomyces cerevisiae
Q07356,42.877770677648286,22.0,Arabidopsis thaliana
Q07473,36.4073302661787,22.0,Arabidopsis thaliana
Q07589,48.839787683681045,32.0,Saccharomyces cerevisiae
Q08224,46.77239483607073,32.0,Saccharomyces cerevisiae
Q08230,46.54393054568624,32.0,Saccharomyces cerevisiae
Q08446,48.133282530550574,32.0,Saccharomyces cerevisiae
Q08746,48.801639430592736,32.0,Saccharomyces cerevisiae
Q09024,42.52894024560299,25.0,Drosophila melanogaster
Q09238,44.28775477123357,20.0,Caenorhabditis elegans
Q09297,39.162316966396546,20.0,Caenorhabditis elegans
Q09307,40.29518967465473,20.0,Caenorhabditis elegans
Q09387,40.74350001281862,20.0,Caenorhabditis elegans
Q09611,38.752550630249914,20.0,Caenorhabditis elegans
Q09646,38.69424703162273,20.0,Caenorhabditis elegans
Q0G826,43.44169271661449,20.0,Caenorhabditis elegans
Q0PD48,46.45235484349319,37.0,Mus musculus
Q0VBA6,55.88424663917231,37.0,Mus musculus
Q0WWT7,36.378135446810205,22.0,Arabidopsis thaliana
Q10664,38.31670502864455,20.0,Caenorhabditis elegans
Q10920,41.254654611649705,20.0,Caenorhabditis elegans
Q12030,52.61562199123757,32.0,Saccharomyces cerevisiae
Q12288,45.39313643600256,32.0,Saccharomyces cerevisiae
Q12363,53.29029958144173,32.0,Saccharomyces cerevisiae
Q12443,54.39771575644433,32.0,Saccharomyces cerevisiae
Q12522,48.35537141205829,32.0,Saccharomyces cerevisiae
Q12525,49.28507052089834,32.0,Saccharomyces cerevisiae
Q14AM4,50.928266400669465,37.0,Mus musculus
Q17427,40.16110863879815,20.0,Caenorhabditis elegans
Q17568,33.88517396509993,20.0,Caenorhabditis elegans
Q17687,38.83507232026574,20.0,Caenorhabditis elegans
Q17778,38.356747431478205,20.0,Caenorhabditis elegans
Q17896,35.90156391846299,20.0,Caenorhabditis elegans
Q17957,43.53888981164851,20.0,Caenorhabditis elegans
Q18086,45.921346756767775,20.0,Caenorhabditis elegans
Q18161,51.461577865011506,20.0,Caenorhabditis elegans
Q18198,39.319297170392545,20.0,Caenorhabditis elegans
Q18310,39.665872549975724,20.0,Caenorhabditis elegans
Q18339,50.067006271035496,20.0,Caenorhabditis elegans
Q18403,38.47589075868307,20.0,Caenorhabditis elegans
Q18724,41.07928573616313,20.0,Caenorhabditis elegans
Q18773,37.31820100601942,20.0,Caenorhabditis elegans
Q18784,35.28810480582078,20.0,Caenorhabditis elegans
Q18793,43.77534673051146,20.0,Caenorhabditis elegans
Q18813,40.65696585019077,20.0,Caenorhabditis elegans
Q18877,42.21067411725214,20.0,Caenorhabditis elegans
Q18910,39.336160129989864,20.0,Caenorhabditis elegans
Q18925,43.93441555191865,20.0,Caenorhabditis elegans
Q18953,52.22867145845498,20.0,Caenorhabditis elegans
Q19000,31.045794595259714,20.0,Caenorhabditis elegans
Q19076,44.30499245880839,20.0,Caenorhabditis elegans
Q19568,43.90122687022448,20.0,Caenorhabditis elegans
Q19683,34.12283581707589,20.0,Caenorhabditis elegans
Q19774,42.016295694370285,20.0,Caenorhabditis elegans
Q19826,44.979388179464465,20.0,Caenorhabditis elegans
Q1WIQ6,52.58772257273489,22.0,Arabidopsis thaliana
Q1XFZ3,35.858868877613126,20.0,Caenorhabditis elegans
Q20049,35.45208445057119,20.0,Caenorhabditis elegans
Q20084,45.19522185632307,20.0,Caenorhabditis elegans
Q20203,49.946429682011214,20.0,Caenorhabditis elegans
Q20390,39.159911354592964,20.0,Caenorhabditis elegans
Q20489,39.27463685762843,20.0,Caenorhabditis elegans
Q20496,44.27884116707797,20.0,Caenorhabditis elegans
Q20507,52.397922265405356,20.0,Caenorhabditis elegans
Q20770,43.40239156243792,20.0,Caenorhabditis elegans
Q20788,41.228424134469314,20.0,Caenorhabditis elegans
Q21032,45.5218654981333,20.0,Caenorhabditis elegans
Q21146,39.66101663108771,20.0,Caenorhabditis elegans
Q21174,36.32652345764484,20.0,Caenorhabditis elegans
Q21217,46.69794922331022,20.0,Caenorhabditis elegans
Q21244,48.693357593855545,20.0,Caenorhabditis elegans
Q21274,35.41382268698949,20.0,Caenorhabditis elegans
Q21521,33.72486413527216,20.0,Caenorhabditis elegans
Q22019,47.14538671545207,20.0,Caenorhabditis elegans
Q22125,43.968526203139,20.0,Caenorhabditis elegans
Q22323,39.87821903469886,20.0,Caenorhabditis elegans
Q22633,46.20932230962861,20.0,Caenorhabditis elegans
Q22757,41.196735274660504,20.0,Caenorhabditis elegans
Q22885,38.50735507174221,20.0,Caenorhabditis elegans
Q22915,47.7841387356683,20.0,Caenorhabditis elegans
Q22938,43.78871454704641,20.0,Caenorhabditis elegans
Q23009,39.02399179531693,20.0,Caenorhabditis elegans
Q23084,32.99521344954969,20.0,Caenorhabditis elegans
Q23126,35.164844438654065,20.0,Caenorhabditis elegans
Q23195,41.66150510187879,20.0,Caenorhabditis elegans
Q24214,43.1025801124379,25.0,Drosophila melanogaster
Q24318,44.99190228797183,25.0,Drosophila melanogaster
Q24562,44.420273047098036,25.0,Drosophila melanogaster
Q27294,43.91925337484925,25.0,Drosophila melanogaster
Q27536,47.35503967465762,20.0,Caenorhabditis elegans
Q29RB0,53.51313242113922,28.0,Danio rerio
Q38799,46.15329832231322,22.0,Arabidopsis thaliana
Q39242,54.26826256875629,22.0,Arabidopsis thaliana
Q3E7A4,49.13546562754512,32.0,Saccharomyces cerevisiae
Q3SXA6,53.2622080569363,37.0,Mus musculus
Q3TA40,48.25341112367941,37.0,Mus musculus
Q3TBW2,42.81599082785267,37.0,Mus musculus
Q3TCL6,54.36333091678061,37.0,Mus musculus
Q3TD71,59.75936945242362,37.0,Mus musculus
Q3TDA7,46.274200659157195,37.0,Mus musculus
Q3THG5,50.67017247410359,37.0,Mus musculus
Q3TIR3,47.38646302395303,37.0,Mus musculus
Q3TIX9,50.73145197299569,37.0,Mus musculus
Q3TPA7,48.77069900058714,37.0,Mus musculus
Q3TQN1,52.24894988367355,37.0,Mus musculus
Q3TSR0,53.68967064923223,37.0,Mus musculus
Q3TTE7,47.76826419536712,37.0,Mus musculus
Q3TXT7,53.44094312472338,37.0,Mus musculus
Q3TZW9,45.975000882283815,37.0,Mus musculus
Q3U034,49.05894213271309,37.0,Mus musculus
Q3U049,49.491557419325304,37.0,Mus musculus
Q3U2G9,50.95671102287012,37.0,Mus musculus
Q3U489,47.232419779756356,37.0,Mus musculus
Q3U4G3,49.61310077947208,37.0,Mus musculus
Q3UCB5,52.3385046158049,37.0,Mus musculus
Q3UDY2,54.21483606411904,37.0,Mus musculus
Q3UHB1,52.260171994333504,37.0,Mus musculus
Q3UHW9,54.51055064415272,37.0,Mus musculus
Q3UI46,53.59252913167269,37.0,Mus musculus
Q3UND0,46.59340426453115,37.0,Mus musculus
Q3UNF2,52.73114437403477,37.0,Mus musculus
Q3UQL2,55.37665202004476,37.0,Mus musculus
Q3UUW5,49.001848946863376,37.0,Mus musculus
Q3UWE6,53.56044628463582,37.0,Mus musculus
Q3UXD9,52.386130285558615,37.0,Mus musculus
Q3V100,47.2440287565491,37.0,Mus musculus
Q3V214,52.60642151800017,37.0,Mus musculus
Q3V8B2,71.69845947046618,60.0,Picrophilus torridus
Q3ZB59,46.27916610083386,37.0,Mus musculus
Q42545,41.99769225215152,22.0,Arabidopsis thaliana
Q43127,39.94213172699921,22.0,Arabidopsis thaliana
Q45595,42.62079595565041,37.0,Bacillus subtilis
Q45604,45.73599952005621,37.0,Bacillus subtilis
Q46806,58.19377272285634,37.0,Escherichia coli
Q46938,51.94173222956331,37.0,Escherichia coli
Q4FK36,51.30966377583194,37.0,Mus musculus
Q4PIV5,44.42625264823435,20.0,Caenorhabditis elegans
Q4V916,47.681806792594635,28.0,Danio rerio
Q503T8,53.54562795651782,28.0,Danio rerio
Q50HX4,44.79178106845499,37.0,Mus musculus
Q52L50,43.581389542919496,37.0,Mus musculus
Q541Z2,48.4996212326289,37.0,Mus musculus
Q543B5,46.410900522765765,37.0,Mus musculus
Q543N5,51.21642428195521,37.0,Mus musculus
Q543X6,46.33726233353171,37.0,Mus musculus
Q544A1,45.86443517611463,37.0,Mus musculus
Q544T5,46.328083264970715,37.0,Mus musculus
Q545V8,51.12777367890063,37.0,Mus musculus
Q564E6,51.558065276105665,37.0,Mus musculus
Q571E4,51.14172944229933,37.0,Mus musculus
Q5BKQ9,49.07010110283616,37.0,Mus musculus
Q5BLK2,49.891738385489695,37.0,Mus musculus
Q5F271,47.25514466814506,37.0,Mus musculus
Q5FWA0,47.3039045972006,37.0,Mus musculus
Q5JR98,50.833548948131,37.0,Homo sapiens
Q5S1W2,42.92911102545344,22.0,Arabidopsis thaliana
Q5SPX8,45.28162538347036,37.0,Mus musculus
Q5SR55,52.85615152014751,37.0,Homo sapiens
Q5SS83,53.393431902870134,37.0,Mus musculus
Q5SUD5,52.90863563116856,37.0,Mus musculus
Q5SUS9,56.76084855767669,37.0,Mus musculus
Q5U3L0,45.6149890713547,37.0,Mus musculus
Q5VTY9,52.8440965472115,37.0,Homo sapiens
Q60929,52.54601118434593,37.0,Mus musculus
Q61090,51.42075975391153,37.0,Mus musculus
Q61103,50.947636418344544,37.0,Mus musculus
Q63994,55.17623858277556,37.0,Mus musculus
Q66GI2,42.147723219461156,22.0,Arabidopsis thaliana
Q68D85,55.14193572916234,37.0,Homo sapiens
Q68KI4,43.50434301137791,22.0,Arabidopsis thaliana
Q69Z13,43.2228470883619,20.0,Caenorhabditis elegans
Q6DVA0,47.836516744174446,37.0,Mus musculus
Q6KYY0,67.61237903012801,60.0,Picrophilus torridus
Q6KYY2,70.10894270380723,60.0,Picrophilus torridus
Q6KZ34,70.45045316139948,60.0,Picrophilus torridus
Q6KZ51,74.7398133839439,60.0,Picrophilus torridus
Q6KZ65,69.5466261066767,60.0,Picrophilus torridus
Q6KZB3,72.22146166515208,60.0,Picrophilus torridus
Q6KZB5,68.62714541527251,60.0,Picrophilus torridus
Q6KZC6,74.56881963063312,60.0,Picrophilus torridus
Q6KZC9,64.91683933297199,60.0,Picrophilus torridus
Q6KZD9,67.70148335280918,60.0,Picrophilus torridus
Q6KZE5,68.53276811183993,60.0,Picrophilus torridus
Q6KZF1,74.87748020703275,60.0,Picrophilus torridus
Q6KZH0,80.49377881277891,60.0,Picrophilus torridus
Q6KZM4,69.7029592066228,60.0,Picrophilus torridus
Q6KZR8,64.67402723561305,60.0,Picrophilus torridus
Q6KZW8,66.99721950572145,60.0,Picrophilus torridus
Q6KZW9,70.96227740179674,60.0,Picrophilus torridus
Q6L014,72.74505314067507,60.0,Picrophilus torridus
Q6L031,67.1806070977482,60.0,Picrophilus torridus
Q6L032,69.7406178902923,60.0,Picrophilus torridus
Q6L046,71.04688410738567,60.0,Picrophilus torridus
Q6L071,70.98485537000002,60.0,Picrophilus torridus
Q6L095,76.72503396189413,60.0,Picrophilus torridus
Q6L099,67.84941939100622,60.0,Picrophilus torridus
Q6L0B0,69.05660102073179,60.0,Picrophilus torridus
Q6L0B4,74.1764623504829,60.0,Picrophilus torridus
Q6L0C1,74.83574499960069,60.0,Picrophilus torridus
Q6L0F1,77.1552848841609,60.0,Picrophilus torridus
Q6L0G4,80.5663761711124,60.0,Picrophilus torridus
Q6L0L0,67.47841365907759,60.0,Picrophilus torridus
Q6L0M5,74.0868929486754,60.0,Picrophilus torridus
Q6L0M6,65.15623130829432,60.0,Picrophilus torridus
Q6L0Q6,66.61477350528806,60.0,Picrophilus torridus
Q6L0V5,66.40079223380732,60.0,Picrophilus torridus
Q6L0W6,70.89376910301421,60.0,Picrophilus torridus
Q6L0Y7,69.56289678589144,60.0,Picrophilus torridus
Q6L122,69.23062055297845,60.0,Picrophilus torridus
Q6L135,72.887205809224,60.0,Picrophilus torridus
Q6L196,73.2254613691709,60.0,Picrophilus torridus
Q6L1I2,68.70875093575016,60.0,Picrophilus torridus
Q6L1L6,76.19093055514227,60.0,Picrophilus torridus
Q6L1M1,79.48010229042401,60.0,Picrophilus torridus
Q6L1P9,73.46360030215021,60.0,Picrophilus torridus
Q6L1R8,66.68592629922796,60.0,Picrophilus torridus
Q6L1T8,68.47170534736753,60.0,Picrophilus torridus
Q6L1W2,72.92453606086963,60.0,Picrophilus torridus
Q6L1W6,79.24102142232553,60.0,Picrophilus torridus
Q6L205,70.16352630728,60.0,Picrophilus torridus
Q6L215,68.8936643332488,60.0,Picrophilus torridus
Q6L219,65.32291346683577,60.0,Picrophilus torridus
Q6L2B8,69.23590602493265,60.0,Picrophilus torridus
Q6L2G5,68.59026351633729,60.0,Picrophilus torridus
Q6L2I9,66.32499993541316,60.0,Picrophilus torridus
Q6L2J3,68.20903855152248,60.0,Picrophilus torridus
Q6L2J9,71.85476444571886,60.0,Picrophilus torridus
Q6L2L2,87.4561255423532,60.0,Picrophilus torridus
Q6L2L6,70.95338985924893,60.0,Picrophilus torridus
Q6L2R3,68.09107359142101,60.0,Picrophilus torridus
Q6L2S1,72.9432451068378,60.0,Picrophilus torridus
Q6L2S2,74.49422129122975,60.0,Picrophilus torridus
Q6L2U4,70.05337930485835,60.0,Picrophilus torridus
Q6L2V2,76.83007762456273,60.0,Picrophilus torridus
Q6L2V7,64.60983319142382,60.0,Picrophilus torridus
Q6L2W0,78.7494351196208,60.0,Picrophilus torridus
Q6L303,74.82355028304109,60.0,Picrophilus torridus
Q6L307,70.60940078616422,60.0,Picrophilus torridus
Q6L337,76.40027116884251,60.0,Picrophilus torridus
Q6L349,72.88774036193873,60.0,Picrophilus torridus
Q6NQK9,35.81615667734975,22.0,Arabidopsis thaliana
Q6NSR8,50.77147956032508,37.0,Mus musculus
Q6NV52,47.95497432547634,37.0,Mus musculus
Q6P5I3,51.58379597388524,37.0,Mus musculus
Q6PD29,45.33218228784625,37.0,Mus musculus
Q6PDI6,45.879022415743876,37.0,Mus musculus
Q6PIK3,55.008334514057715,37.0,Homo sapiens
Q6R0G4,43.24526560541999,22.0,Arabidopsis thaliana
Q6ZMT1,54.30678851960902,37.0,Homo sapiens
Q6ZWV7,48.46374230043738,37.0,Mus musculus
Q70IA8,50.143832207040354,37.0,Homo sapiens
Q70PY2,43.669539963146015,25.0,Drosophila melanogaster
Q72G66,82.16250489609604,70.0,Thermus thermophilus
Q72GS0,81.70095970082994,70.0,Thermus thermophilus
Q72GT6,89.20124290550352,70.0,Thermus thermophilus
Q72GT7,84.55326156973543,70.0,Thermus thermophilus
Q72GV7,87.03691443849323,70.0,Thermus thermophilus
Q72GX1,74.65298894100123,70.0,Thermus thermophilus
Q72I40,88.78657786594837,70.0,Thermus thermophilus
Q72I51,89.94099140548832,70.0,Thermus thermophilus
Q72IE4,77.46803991090277,70.0,Thermus thermophilus
Q72J35,87.60587873809364,70.0,Thermus thermophilus
Q72JE2,86.96683353422489,70.0,Thermus thermophilus
Q72JS0,84.91335189404688,70.0,Thermus thermophilus
Q72K25,82.67822227127643,70.0,Thermus thermophilus
Q72K50,89.4399367302296,70.0,Thermus thermophilus
Q72KH0,87.75579621409166,70.0,Thermus thermophilus
Q72KT9,87.05516913397649,70.0,Thermus thermophilus
Q72LC4,87.96282795553658,70.0,Thermus thermophilus
Q746I9,78.05101293137685,70.0,Thermus thermophilus
Q76FS5,47.289784321956,22.0,Arabidopsis thaliana
Q78P92,49.364294979587044,37.0,Mus musculus
Q78S06,50.104332583646055,37.0,Mus musculus
Q78ZC4,48.762066203235,37.0,Mus musculus
Q795R2,42.59871420262642,37.0,Bacillus subtilis
Q797S1,38.311875765277925,37.0,Bacillus subtilis
Q7JMS5,43.73734461564436,20.0,Caenorhabditis elegans
Q7JW27,46.51479135318862,25.0,Drosophila melanogaster
Q7K237,42.39020577745854,25.0,Drosophila melanogaster
Q7M759,53.23360889904696,37.0,Mus musculus
Q7TMG8,53.118270834174275,37.0,Mus musculus
Q7TPD2,54.278352627982564,37.0,Mus musculus
Q7YTG7,34.69263374994043,20.0,Caenorhabditis elegans
Q80ZW9,54.80815544235088,37.0,Mus musculus
Q812F8,48.65567607042514,37.0,Mus musculus
Q84TF0,47.55464039159332,22.0,Arabidopsis thaliana
Q84W65,45.054560593631315,22.0,Arabidopsis thaliana
Q86D20,35.09527845720185,20.0,Caenorhabditis elegans
Q86GC1,39.47889981719717,20.0,Caenorhabditis elegans
Q86S40,37.163315553578606,20.0,Caenorhabditis elegans
Q8BFW7,49.52321030968556,37.0,Mus musculus
Q8BGR8,50.47010139140313,37.0,Mus musculus
Q8BHA3,51.71913459124087,37.0,Mus musculus
Q8BHT6,48.73416029482106,37.0,Mus musculus
Q8BIG4,50.50708188408678,37.0,Mus musculus
Q8BIX3,49.28932186488639,37.0,Mus musculus
Q8BJ03,50.457820678761806,37.0,Mus musculus
Q8BJ48,57.335006080113814,37.0,Mus musculus
Q8BJH1,52.078530194107024,37.0,Mus musculus
Q8BJU0,51.37686720392271,37.0,Mus musculus
Q8BKZ9,54.15759791899729,37.0,Mus musculus
Q8BMD8,56.03403356208134,37.0,Mus musculus
Q8BMJ3,50.23780388298765,37.0,Mus musculus
Q8BNY6,48.892139265795436,37.0,Mus musculus
Q8BP67,49.71279950442777,37.0,Mus musculus
Q8BTV1,50.175706776628076,37.0,Mus musculus
Q8BTX9,55.32292347408135,37.0,Mus musculus
Q8BW00,49.005053130095654,37.0,Mus musculus
Q8BWH0,52.30276634810838,37.0,Mus musculus
Q8BYH3,49.070433681716366,37.0,Mus musculus
Q8BYI6,42.736623890177526,37.0,Mus musculus
Q8BYK6,49.19750732996196,37.0,Mus musculus
Q8C080,50.51713342511407,37.0,Mus musculus
Q8C6B0,53.90593991717917,37.0,Mus musculus
Q8C7K6,62.195554478623194,37.0,Mus musculus
Q8CBE3,49.23931817098749,37.0,Mus musculus
Q8CCH2,54.135463911245246,37.0,Mus musculus
Q8CI51,48.57311450537218,37.0,Mus musculus
Q8CI78,51.185444363559796,37.0,Mus musculus
Q8CIV2,50.99544433151954,37.0,Mus musculus
Q8CJ61,54.24859324844574,37.0,Mus musculus
Q8GR86,84.49311121940914,70.0,Thermus thermophilus
Q8GW78,46.23202478206184,22.0,Arabidopsis thaliana
Q8GWS0,43.66244483395732,22.0,Arabidopsis thaliana
Q8GYF7,51.5496690129676,22.0,Arabidopsis thaliana
Q8H965,45.95830903538049,22.0,Arabidopsis thaliana
Q8IG39,43.66547697046694,20.0,Caenorhabditis elegans
Q8IRE4,42.73037683359942,25.0,Drosophila melanogaster
Q8JZX4,52.00952783471809,37.0,Mus musculus
Q8K013,43.50503189747257,37.0,Mus musculus
Q8K0D7,48.96149955018007,37.0,Mus musculus
Q8K0P3,50.524062286911246,37.0,Mus musculus
Q8K1J5,51.8059621534892,37.0,Mus musculus
Q8K202,47.475910382043985,37.0,Mus musculus
Q8K2H6,51.21099728560168,37.0,Mus musculus
Q8K2Y9,51.50079915610674,37.0,Mus musculus
Q8K4F6,49.9174771129385,37.0,Mus musculus
Q8K4X7,50.06494762710405,37.0,Mus musculus
Q8K4Z3,53.463160199107634,37.0,Mus musculus
Q8L557,39.47597650877536,22.0,Arabidopsis thaliana
Q8L633,52.12083134826564,22.0,Arabidopsis thaliana
Q8L7S6,47.987171117987295,22.0,Arabidopsis thaliana
Q8L7Z3,44.89135801470882,22.0,Arabidopsis thaliana
Q8LFC0,43.66719347484036,22.0,Arabidopsis thaliana
Q8LFS6,45.484877883043005,22.0,Arabidopsis thaliana
Q8LGI2,40.22144824877201,22.0,Arabidopsis thaliana
Q8MNY0,38.745187914613645,20.0,Caenorhabditis elegans
Q8MPX3,41.681227807792,20.0,Caenorhabditis elegans
Q8MXD9,41.667532327602444,20.0,Caenorhabditis elegans
Q8MXR2,53.09869842893019,20.0,Caenorhabditis elegans
Q8MXS8,39.73044791178374,20.0,Caenorhabditis elegans
Q8MYM8,40.30253870535318,20.0,Caenorhabditis elegans
Q8N6N6,50.36647893492269,37.0,Homo sapiens
Q8N8J7,57.53720341297049,37.0,Homo sapiens
Q8R242,52.502382959937556,37.0,Mus musculus
Q8R2R3,46.10636847843451,37.0,Mus musculus
Q8R3P6,50.40742717368827,37.0,Mus musculus
Q8R570,48.34859160625596,37.0,Mus musculus
Q8SXY6,42.26590265958889,25.0,Drosophila melanogaster
Q8TD08,52.16543000885839,37.0,Homo sapiens
Q8VBZ0,50.22630042546848,37.0,Mus musculus
Q8VD12,48.044717170326116,37.0,Mus musculus
Q8VDI7,49.842929988545464,37.0,Mus musculus
Q8VDX6,47.71834033385234,37.0,Mus musculus
Q8VZP1,46.15585747524097,22.0,Arabidopsis thaliana
Q8VZW3,50.74349356281395,22.0,Arabidopsis thaliana
Q8W033,46.47790225872782,22.0,Arabidopsis thaliana
Q8W4P8,48.11973459676568,22.0,Arabidopsis thaliana
Q8WUR0,51.18166751704021,37.0,Mus musculus
Q8WZ27,47.68469589453061,37.0,Homo sapiens
Q91W67,49.26483143817675,37.0,Mus musculus
Q91WD1,50.97197130082018,37.0,Mus musculus
Q91WX5,46.90596417668963,37.0,Mus musculus
Q91XB7,46.17038007555734,37.0,Mus musculus
Q91YL3,51.021663689194256,37.0,Mus musculus
Q921D0,49.31585501548909,37.0,Mus musculus
Q922G0,54.55281850666734,37.0,Mus musculus
Q923F1,54.56790716142381,37.0,Mus musculus
Q93379,45.37664858336413,20.0,Caenorhabditis elegans
Q93425,38.95674754615392,20.0,Caenorhabditis elegans
Q93535,46.28922799940301,20.0,Caenorhabditis elegans
Q93698,41.036940885989395,20.0,Caenorhabditis elegans
Q93832,41.3661165924931,20.0,Caenorhabditis elegans
Q93VC9,46.974061765865805,22.0,Arabidopsis thaliana
Q93VH9,33.67964809959836,22.0,Arabidopsis thaliana
Q93VR3,38.413685646908824,22.0,Arabidopsis thaliana
Q93XM7,36.32358990598493,22.0,Arabidopsis thaliana
Q93Y09,40.57777567845053,22.0,Arabidopsis thaliana
Q93ZC9,39.95849236404971,22.0,Arabidopsis thaliana
Q93ZN2,53.83550698463209,22.0,Arabidopsis thaliana
Q940H8,56.93971427915679,22.0,Arabidopsis thaliana
Q94312,44.67196478637767,20.0,Caenorhabditis elegans
Q944L7,46.984212012102695,22.0,Arabidopsis thaliana
Q94899,40.48071685284679,25.0,Drosophila melanogaster
Q94981,44.344363681026046,25.0,Drosophila melanogaster
Q95017,43.53978786738277,20.0,Caenorhabditis elegans
Q95RN0,42.312261322309524,25.0,Drosophila melanogaster
Q95XK5,38.70863912879828,20.0,Caenorhabditis elegans
Q95YC4,41.064709334771734,20.0,Caenorhabditis elegans
Q96254,48.455119953596906,22.0,Arabidopsis thaliana
Q96255,44.39281557318802,22.0,Arabidopsis thaliana
Q96321,46.74139982964712,22.0,Arabidopsis thaliana
Q96533,45.54581387508841,22.0,Arabidopsis thaliana
Q965S8,33.240494814909816,20.0,Caenorhabditis elegans
Q965W1,44.29958422725203,20.0,Caenorhabditis elegans
Q965X1,36.95366916655903,20.0,Caenorhabditis elegans
Q965Z3,39.34467583106677,20.0,Caenorhabditis elegans
Q96A08,49.90100422083431,37.0,Homo sapiens
Q96AK3,48.626039544406595,37.0,Homo sapiens
Q96QD9,53.60203407910008,37.0,Homo sapiens
Q96T66,47.99641613081708,37.0,Homo sapiens
Q99321,47.09251941176063,32.0,Saccharomyces cerevisiae
Q99369,44.56135238873267,32.0,Saccharomyces cerevisiae
Q99J57,50.29822617809042,37.0,Mus musculus
Q99JF8,50.812292212323705,37.0,Mus musculus
Q99KP6,60.14438785068434,37.0,Mus musculus
Q99L85,55.951178657713896,37.0,Mus musculus
Q99LQ1,54.62190015108637,37.0,Mus musculus
Q99M08,53.70456243350981,37.0,Mus musculus
Q99N93,43.6037549394498,37.0,Mus musculus
Q99PM3,50.92854069819676,37.0,Mus musculus
Q99PT1,53.61262536326664,37.0,Mus musculus
Q9ASR0,41.435017307338924,22.0,Arabidopsis thaliana
Q9ASZ9,45.52197700400594,22.0,Arabidopsis thaliana
Q9AV97,45.780800806902555,22.0,Arabidopsis thaliana
Q9BI88,39.48559460554032,20.0,Caenorhabditis elegans
Q9BKP7,36.38477512358528,20.0,Caenorhabditis elegans
Q9BKQ5,41.3707526320419,20.0,Caenorhabditis elegans
Q9BL56,32.65015497591316,20.0,Caenorhabditis elegans
Q9BL94,34.29955874910556,20.0,Caenorhabditis elegans
Q9BTL4,46.70829221504901,37.0,Homo sapiens
Q9C5E8,43.362666770228834,22.0,Arabidopsis thaliana
Q9C6I6,43.520717113674515,22.0,Arabidopsis thaliana
Q9C7F5,39.98089236378426,22.0,Arabidopsis thaliana
Q9C9C4,47.28810323945433,22.0,Arabidopsis thaliana
Q9CA90,45.062977846321765,22.0,Arabidopsis thaliana
Q9CAI3,43.70314575759067,22.0,Arabidopsis thaliana
Q9CPV5,56.26794109417512,37.0,Mus musculus
Q9CQ06,42.59655351030292,37.0,Mus musculus
Q9CQB7,43.93830845904905,37.0,Mus musculus
Q9CQL0,48.18261209688857,37.0,Mus musculus
Q9CQM5,51.5605959790318,37.0,Mus musculus
Q9CQR6,51.67251896129864,37.0,Mus musculus
Q9CR58,53.04973113880552,37.0,Mus musculus
Q9CWN7,46.348618220739844,37.0,Mus musculus
Q9CWS1,43.85050456662809,37.0,Mus musculus
Q9CXT7,53.23961878833246,37.0,Mus musculus
Q9CXU4,53.581591381866495,37.0,Mus musculus
Q9CZU4,43.75369897093057,37.0,Mus musculus
Q9D061,47.892299657246745,37.0,Mus musculus
Q9D0A3,51.38253107696163,37.0,Mus musculus
Q9D0C4,46.4970893287512,37.0,Mus musculus
Q9D0M0,66.29114202773269,37.0,Mus musculus
Q9D1Q4,50.527351378291485,37.0,Mus musculus
Q9D6J3,54.32612687872482,37.0,Mus musculus
Q9D6K8,53.48984749033463,37.0,Mus musculus
Q9D799,47.938042118631785,37.0,Mus musculus
Q9D7H3,46.41010204186649,37.0,Mus musculus
Q9D967,55.387271111669754,37.0,Mus musculus
Q9DB73,47.25662050444175,37.0,Mus musculus
Q9DB77,54.0387913912242,37.0,Mus musculus
Q9EP97,46.21356678803076,37.0,Mus musculus
Q9EQQ2,55.922331898056896,37.0,Mus musculus
Q9ER41,46.09199508405708,37.0,Mus musculus
Q9ER81,48.20292442761637,37.0,Mus musculus
Q9FEC1,42.02829727067762,22.0,Arabidopsis thaliana
Q9FFQ4,42.776646918692364,22.0,Arabidopsis thaliana
Q9FG38,45.95068354113164,22.0,Arabidopsis thaliana
Q9FHY8,42.56587095152045,22.0,Arabidopsis thaliana
Q9FI53,48.4021791964829,22.0,Arabidopsis thaliana
Q9FJ41,35.78211240557945,22.0,Arabidopsis thaliana
Q9FK68,39.88091402314277,22.0,Arabidopsis thaliana
Q9FLW9,43.82062938732272,22.0,Arabidopsis thaliana
Q9FN52,44.59471252992523,22.0,Arabidopsis thaliana
Q9FN89,44.28666508998013,22.0,Arabidopsis thaliana
Q9FNE2,46.64168004219887,22.0,Arabidopsis thaliana
Q9FUT1,49.691024456700525,22.0,Arabidopsis thaliana
Q9FV52,44.74465334781133,22.0,Arabidopsis thaliana
Q9FVT2,41.868783546830116,22.0,Arabidopsis thaliana
Q9FYA6,50.114037535182774,22.0,Arabidopsis thaliana
Q9FZ45,44.12930159106726,22.0,Arabidopsis thaliana
Q9FZ76,41.19912265701726,22.0,Arabidopsis thaliana
Q9GR61,42.95709505559288,20.0,Caenorhabditis elegans
Q9GYH9,41.05019518536962,20.0,Caenorhabditis elegans
Q9GYM9,38.6572132905688,20.0,Caenorhabditis elegans
Q9GYU1,40.05960557430166,20.0,Caenorhabditis elegans
Q9GZG0,48.09217452958323,20.0,Caenorhabditis elegans
Q9H2C8,50.39881559165172,37.0,Homo sapiens
Q9HAA7,55.96768022117754,37.0,Homo sapiens
Q9HAP6,53.82589277572721,37.0,Homo sapiens
Q9JI75,58.10784970446481,37.0,Mus musculus
Q9JK38,49.04723053315347,37.0,Mus musculus
Q9JKC7,50.5747982917665,37.0,Mus musculus
Q9JKK1,51.71282890354582,37.0,Mus musculus
Q9JM76,54.719306666005195,37.0,Mus musculus
Q9JMA2,54.738284747563135,37.0,Mus musculus
Q9JMG2,45.685751521561706,37.0,Mus musculus
Q9KWZ1,41.88905615094839,37.0,Bacillus subtilis
Q9LDD8,44.86590870471289,22.0,Arabidopsis thaliana
Q9LFW1,49.68395225826524,22.0,Arabidopsis thaliana
Q9LK57,48.47311208945502,22.0,Arabidopsis thaliana
Q9LKA9,44.12155407296664,22.0,Arabidopsis thaliana
Q9LMR3,38.36293823033455,22.0,Arabidopsis thaliana
Q9LPM9,49.383704694121214,22.0,Arabidopsis thaliana
Q9LS09,48.81908730269335,22.0,Arabidopsis thaliana
Q9LTR2,49.79711805325091,22.0,Arabidopsis thaliana
Q9LTR9,42.36445573664479,22.0,Arabidopsis thaliana
Q9LV91,44.45648027623943,22.0,Arabidopsis thaliana
Q9LW64,48.79254607413342,22.0,Arabidopsis thaliana
Q9LX07,37.790756380967586,22.0,Arabidopsis thaliana
Q9LX12,48.13011268951921,22.0,Arabidopsis thaliana
Q9LY66,38.2014738023595,22.0,Arabidopsis thaliana
Q9LYW9,46.85124119819882,22.0,Arabidopsis thaliana
Q9LZJ3,45.02190558867725,22.0,Arabidopsis thaliana
Q9M065,40.48553856356521,22.0,Arabidopsis thaliana
Q9M0A5,46.0492629552942,22.0,Arabidopsis thaliana
Q9M1R1,48.32314185270463,22.0,Arabidopsis thaliana
Q9MAU6,46.558536545858196,22.0,Arabidopsis thaliana
Q9N3B9,51.9418631082164,20.0,Caenorhabditis elegans
Q9N3W5,49.85615659516874,20.0,Caenorhabditis elegans
Q9N4D9,36.06693494899867,20.0,Caenorhabditis elegans
Q9N4E2,33.053843098065066,20.0,Caenorhabditis elegans
Q9N4I0,43.61872999122324,20.0,Caenorhabditis elegans
Q9N5J3,40.698680443692446,20.0,Caenorhabditis elegans
Q9NAB2,34.45475028849227,20.0,Caenorhabditis elegans
Q9NAM7,39.397974245681446,20.0,Caenorhabditis elegans
Q9NGT3,48.717910546810366,20.0,Caenorhabditis elegans
Q9NQ94,53.61878365818324,37.0,Homo sapiens
Q9NX18,54.30011184051455,37.0,Homo sapiens
Q9PTF4,52.450707021629924,28.0,Danio rerio
Q9PTF5,55.7206203167868,28.0,Danio rerio
Q9QXE7,54.59114610206362,37.0,Mus musculus
Q9QZC7,48.91973147599369,37.0,Mus musculus
Q9S757,55.90130583202012,22.0,Arabidopsis thaliana
Q9S762,45.874448234379734,22.0,Arabidopsis thaliana
Q9S7D8,39.446383380584905,22.0,Arabidopsis thaliana
Q9SFU1,35.472279722023615,22.0,Arabidopsis thaliana
Q9SI61,49.977385804384156,22.0,Arabidopsis thaliana
Q9SIP1,49.03615468701838,22.0,Arabidopsis thaliana
Q9SK66,40.65162698455226,22.0,Arabidopsis thaliana
Q9SK87,45.595743149494766,22.0,Arabidopsis thaliana
Q9SKX4,37.26019383220018,22.0,Arabidopsis thaliana
Q9SLK0,46.711748630497475,22.0,Arabidopsis thaliana
Q9SMN1,50.64227905913979,22.0,Arabidopsis thaliana
Q9SMY7,49.425852893570685,22.0,Arabidopsis thaliana
Q9SQG2,44.910496139975834,22.0,Arabidopsis thaliana
Q9SRE0,44.00882385696627,22.0,Arabidopsis thaliana
Q9SRY4,42.95440025856762,22.0,Arabidopsis thaliana
Q9SRZ6,49.40251889577465,22.0,Arabidopsis thaliana
Q9SSB4,41.084130818799785,22.0,Arabidopsis thaliana
Q9SSP5,46.68522930734999,22.0,Arabidopsis thaliana
Q9STF2,40.694090556522596,22.0,Arabidopsis thaliana
Q9SUC6,51.42308699746288,22.0,Arabidopsis thaliana
Q9SUR6,49.644002020089545,22.0,Arabidopsis thaliana
Q9SVP6,42.56069455779444,22.0,Arabidopsis thaliana
Q9SVU5,41.30264613221682,22.0,Arabidopsis thaliana
Q9SXP7,44.666465539864454,22.0,Arabidopsis thaliana
Q9SYT0,50.458026374392354,22.0,Arabidopsis thaliana
Q9SZE1,53.258538711974865,22.0,Arabidopsis thaliana
Q9T0I8,47.11912719669872,22.0,Arabidopsis thaliana
Q9TZ47,43.71475884298003,20.0,Caenorhabditis elegans
Q9TZ65,36.018505998307695,20.0,Caenorhabditis elegans
Q9TZC6,45.71895490013371,20.0,Caenorhabditis elegans
Q9TZN1,44.306025488217045,20.0,Caenorhabditis elegans
Q9U203,37.8837388738662,20.0,Caenorhabditis elegans
Q9U2X0,39.935813159224054,20.0,Caenorhabditis elegans
Q9U3K8,39.10892420860988,20.0,Caenorhabditis elegans
Q9U5W9,51.439576968363774,25.0,Drosophila melanogaster
Q9U9P7,46.54826720451925,25.0,Drosophila melanogaster
Q9UJ04,53.43403820029966,37.0,Homo sapiens
Q9ULX9,52.15637558208594,37.0,Homo sapiens
Q9V359,39.970056581347684,25.0,Drosophila melanogaster
Q9V3B6,56.27747260832552,25.0,Drosophila melanogaster
Q9V3D4,43.2830461431965,25.0,Drosophila melanogaster
Q9V3G3,43.15433978179755,25.0,Drosophila melanogaster
Q9V3J8,41.528833144019636,25.0,Drosophila melanogaster
Q9V3T9,37.29578400197452,25.0,Drosophila melanogaster
Q9V429,43.822341257602204,25.0,Drosophila melanogaster
Q9V431,40.19592512635469,25.0,Drosophila melanogaster
Q9V4S8,40.86624913109339,25.0,Drosophila melanogaster
Q9V770,43.91593199459841,25.0,Drosophila melanogaster
Q9V7Y2,48.88714983151369,25.0,Drosophila melanogaster
Q9V9U4,44.290106251930396,25.0,Drosophila melanogaster
Q9V9V9,38.73673425716634,25.0,Drosophila melanogaster
Q9VAJ4,51.26696780947208,25.0,Drosophila melanogaster
Q9VB08,43.40118744880893,25.0,Drosophila melanogaster
Q9VCZ8,45.9571320202821,25.0,Drosophila melanogaster
Q9VDD7,42.06038129560178,25.0,Drosophila melanogaster
Q9VDV3,47.12845459041981,25.0,Drosophila melanogaster
Q9VE86,36.146873693619185,25.0,Drosophila melanogaster
Q9VH07,46.422724320697895,25.0,Drosophila melanogaster
Q9VIM5,47.72670158569913,25.0,Drosophila melanogaster
Q9VJ33,48.000097898030745,25.0,Drosophila melanogaster
Q9VJQ5,52.00920901429651,25.0,Drosophila melanogaster
Q9VKN7,41.545857743707266,25.0,Drosophila melanogaster
Q9VMH7,41.79721159863476,25.0,Drosophila melanogaster
Q9VMQ5,44.6786224484017,25.0,Drosophila melanogaster
Q9VN95,43.176277781029846,25.0,Drosophila melanogaster
Q9VNA8,38.265892923945486,25.0,Drosophila melanogaster
Q9VND8,37.68511962860517,25.0,Drosophila melanogaster
Q9VPH7,44.13948607080472,25.0,Drosophila melanogaster
Q9VPQ2,42.39220450242685,25.0,Drosophila melanogaster
Q9VQ37,43.94537258069381,25.0,Drosophila melanogaster
Q9VRG7,41.46927633861323,25.0,Drosophila melanogaster
Q9VRJ2,43.26822089860808,25.0,Drosophila melanogaster
Q9VRL2,42.16794856667105,25.0,Drosophila melanogaster
Q9VSY4,36.58583875656699,25.0,Drosophila melanogaster
Q9VSZ6,44.19375894716699,25.0,Drosophila melanogaster
Q9VTU3,42.95052819235892,25.0,Drosophila melanogaster
Q9VW56,47.47110606424297,25.0,Drosophila melanogaster
Q9VWA2,42.69987230772641,25.0,Drosophila melanogaster
Q9VXF1,45.932114097063256,25.0,Drosophila melanogaster
Q9VXP4,44.400870640892386,25.0,Drosophila melanogaster
Q9VZ23,42.83441409141984,25.0,Drosophila melanogaster
Q9W3C7,45.08234360238918,25.0,Drosophila melanogaster
Q9W4V8,39.29189006901893,25.0,Drosophila melanogaster
Q9WTK7,47.19410741941468,37.0,Mus musculus
Q9WTV7,47.01133405558769,37.0,Mus musculus
Q9XFD1,45.928415128028405,22.0,Arabidopsis thaliana
Q9XFS9,44.027175165894825,22.0,Arabidopsis thaliana
Q9XJ35,46.977634961036195,22.0,Arabidopsis thaliana
Q9XTY9,44.29013758739952,20.0,Caenorhabditis elegans
Q9XU15,33.7467919490144,20.0,Caenorhabditis elegans
Q9XVR6,42.74051686206391,20.0,Caenorhabditis elegans
Q9XVS2,40.77923404752501,20.0,Caenorhabditis elegans
Q9XWH0,41.9507282796896,20.0,Caenorhabditis elegans
Q9XWH8,50.54682923124253,20.0,Caenorhabditis elegans
Q9XX41,40.88023846372802,20.0,Caenorhabditis elegans
Q9XXD0,43.884447273557484,20.0,Caenorhabditis elegans
Q9XXT7,39.65037651689933,20.0,Caenorhabditis elegans
Q9XZL8,42.391659957242204,25.0,Drosophila melanogaster
Q9Y0V3,40.882255765788564,25.0,Drosophila melanogaster
Q9Y140,41.88119910156273,25.0,Drosophila melanogaster
Q9ZQG9,47.91460758121736,22.0,Arabidopsis thaliana
Q9ZUA0,39.24350537846914,22.0,Arabidopsis thaliana
Q9ZUB3,45.874595592941574,22.0,Arabidopsis thaliana
Q9ZUR7,53.04612358565662,22.0,Arabidopsis thaliana
Q9ZVM9,42.17646524032112,22.0,Arabidopsis thaliana
Q9ZW74,52.481408442534125,22.0,Arabidopsis thaliana
R4YJ87,44.95734647584368,3.0,Oleispira antarctica
R4YJA7,43.67634268135692,3.0,Oleispira antarctica
R4YJJ4,40.70447525297298,3.0,Oleispira antarctica
R4YJM8,41.82628993922706,3.0,Oleispira antarctica
R4YJQ5,38.09987637599265,3.0,Oleispira antarctica
R4YJX0,39.4356481162188,3.0,Oleispira antarctica
R4YJZ6,40.26485410421246,3.0,Oleispira antarctica
R4YK13,47.00510759795483,3.0,Oleispira antarctica
R4YK18,55.048742019536974,3.0,Oleispira antarctica
R4YK78,36.31549939661964,3.0,Oleispira antarctica
R4YKD8,40.21797642735475,3.0,Oleispira antarctica
R4YKD9,40.82092299090939,3.0,Oleispira antarctica
R4YKJ9,44.4075560113981,3.0,Oleispira antarctica
R4YKM7,50.86820456476962,3.0,Oleispira antarctica
R4YKR5,39.26660973440272,3.0,Oleispira antarctica
R4YKX5,45.763130882236396,3.0,Oleispira antarctica
R4YL11,44.366347091405125,3.0,Oleispira antarctica
R4YL51,43.221672748341255,3.0,Oleispira antarctica
R4YL81,43.32110958198257,3.0,Oleispira antarctica
R4YLF5,37.57443643310893,3.0,Oleispira antarctica
R4YLL8,41.25456752730749,3.0,Oleispira antarctica
R4YLZ8,40.485663355268414,3.0,Oleispira antarctica
R4YM14,47.330966725330455,3.0,Oleispira antarctica
R4YME8,45.46052048644019,3.0,Oleispira antarctica
R4YMK5,49.25789540797696,3.0,Oleispira antarctica
R4YMT4,45.771918199305716,3.0,Oleispira antarctica
R4YMZ5,43.52451030353074,3.0,Oleispira antarctica
R4YN88,37.858694866076014,3.0,Oleispira antarctica
R4YN93,41.21142833336321,3.0,Oleispira antarctica
R4YNB4,42.40929438817784,3.0,Oleispira antarctica
R4YNG9,40.61160103016041,3.0,Oleispira antarctica
R4YNP8,40.501010670494054,3.0,Oleispira antarctica
R4YNQ3,39.916331500880766,3.0,Oleispira antarctica
R4YNR3,40.85908628177549,3.0,Oleispira antarctica
R4YP62,44.27277205715819,3.0,Oleispira antarctica
R4YPH2,41.08610738450257,3.0,Oleispira antarctica
R4YPM8,38.358739256256406,3.0,Oleispira antarctica
R4YPT2,39.985210526779845,3.0,Oleispira antarctica
R4YPV8,45.31112888623484,3.0,Oleispira antarctica
R4YPX2,37.75955608449658,3.0,Oleispira antarctica
R4YPX9,50.824525365331716,3.0,Oleispira antarctica
R4YQ23,45.96930542647767,3.0,Oleispira antarctica
R4YQ38,39.41672941126492,3.0,Oleispira antarctica
R4YQC0,40.16659339874153,3.0,Oleispira antarctica
R4YQI1,42.50816930685597,3.0,Oleispira antarctica
R4YQV5,40.76438938511121,3.0,Oleispira antarctica
R4YQZ1,38.32387961981607,3.0,Oleispira antarctica
R4YQZ7,43.57889824147529,3.0,Oleispira antarctica
R4YRF0,45.84516248673889,3.0,Oleispira antarctica
R4YRH4,46.081310639311965,3.0,Oleispira antarctica
R4YRI8,40.638928125846846,3.0,Oleispira antarctica
R4YRR7,47.167266571682624,3.0,Oleispira antarctica
R4YRR9,50.68648866833346,3.0,Oleispira antarctica
R4YRT4,47.35340816415431,3.0,Oleispira antarctica
R4YRU7,36.99436823621545,3.0,Oleispira antarctica
R4YRZ6,39.78634539666423,3.0,Oleispira antarctica
R4YS80,44.047882823615325,3.0,Oleispira antarctica
R4YS88,40.554276526511764,3.0,Oleispira antarctica
R4YSG2,51.23021686325939,3.0,Oleispira antarctica
R4YSP9,36.83468816954338,3.0,Oleispira antarctica
R4YSQ7,44.316807733836946,3.0,Oleispira antarctica
R4YSZ1,42.21647449228544,3.0,Oleispira antarctica
R4YSZ9,43.71394123771227,3.0,Oleispira antarctica
R4YT45,47.777715450707305,3.0,Oleispira antarctica
R4YT77,35.45457526078985,3.0,Oleispira antarctica
R4YT82,39.45262999343312,3.0,Oleispira antarctica
R4YTD4,43.87331278117732,3.0,Oleispira antarctica
R4YTJ0,41.05409519521896,3.0,Oleispira antarctica
R4YTP0,42.24894972945294,3.0,Oleispira antarctica
R4YTS6,41.31373531024643,3.0,Oleispira antarctica
R4YTV0,52.961569256158455,3.0,Oleispira antarctica
R4YTV9,41.034864904569936,3.0,Oleispira antarctica
R4YU26,37.22970576423981,3.0,Oleispira antarctica
R4YU91,42.76993252883879,3.0,Oleispira antarctica
R4YUK0,39.50606270728381,3.0,Oleispira antarctica
R4YUR2,37.119732653057575,3.0,Oleispira antarctica
R4YUS0,36.98316537142628,3.0,Oleispira antarctica
R4YUU2,39.75267312842792,3.0,Oleispira antarctica
R4YUW6,40.11660865619827,3.0,Oleispira antarctica
R4YUZ5,37.651518950118735,3.0,Oleispira antarctica
R4YV57,42.37578361447482,3.0,Oleispira antarctica
R4YV69,42.65171249488943,3.0,Oleispira antarctica
R4YV88,45.497537293886715,3.0,Oleispira antarctica
R4YV94,40.633476705979,3.0,Oleispira antarctica
S4R2B6,53.01999833088934,37.0,Mus musculus
X1WFZ2,54.868687906551145,28.0,Danio rerio
X5MBH3,44.97792594262663,20.0,Caenorhabditis elegans
